번호,총기명,종류,등급,제작시간,중형한정,체력,화력,회피,명중,사속,기동력,치명타율,장탄,장갑,진형,대상,화력버프,회피버프,명중버프,사속버프,치명버프,스킬쿨감,장갑버프,스킬명,스킬분류,초기쿨,쿨타임,지속시간,조준시간,범위,배율,대상,"화력
버프","회피
버프","명중
버프","사속
버프",치명타율버프,"이속
버프","장탄
버프","장전
단축","장갑
버프",설명
1,콜트 리볼버,HG,4,0:50:00,,80,36,76,49,47,15,0.2,,,010121010,ALL,0.24,,0.5,,,,,일제사격,일반버프,6,12,8,,,,아군,0.22,,,,,,,,,아군 전체 화력을 22% 상승시킨다.
2,M1911,HG,2,0:20:00,,73,27,74,50,57,15,0.2,,,010121010,ALL,,,0.5,0.2,,,,연막탄,일반버프,1,12,4,,2.5,,적군,,,,-0.36,,-0.45,,,,"연막탄을 투척하여 반경 2.5범위 내의 적들의 공격속도를 36%, 이동속도를 45% 감소시킨다."
3,M9,HG,3,0:40:00,,76,29,66,56,61,15,0.2,,,011020011,ALL,0.2,0.2,,,,,,섬광탄,기절,5,12,3.2,,2.5,,적군,,,,,,,,,,섬광탄을 투척하여 반경 2.5범위 내의 적들을 3.2초 동안 기절 상태로 만든다.
4,콜트 파이슨,HG,5,,,70,40,82,81,49,15,0.4,,,011121110,ALL,0.3,,,,0.2,,,겁없는 녀석들,특수,6,12,5,,,,아군,,,,,,,,,,"패시브:자신이 화력/사속/회피/명중/치명타율 버프를 받을 때(요정특성 포함), 버프칸에 있는 아군인형의 해당 능력치를 6%/6%/30%/30%/12% 상승시킨다, 지속시간 3초; 
액티브:발동 후 6번 공격은 100%의 확률로 자신의 화력을 30% 상승시킨다. (6회 중첩가능), 지속시간 5초."
5,나강 리볼버,HG,2,0:20:00,,70,32,92,46,44,15,0.2,,,010120010,ALL,0.32,,,,0.16,,,기선제압N,야간버프,6,12,8,,,,적군,-0.35,,,,,,,,,"야간작전에서 적군 전체 화력을 35% 감소시킨다. (주간 보정치 : 20%), 지속시간 8초(주간 보정치 : 5초)"
6,토카레프,HG,3,0:45:00,,86,31,66,47,52,15,0.2,,,011020011,ALL,,,0.5,0.2,,,,엄호개시,일반버프,6,12,8,,,,아군,,0.55,,,,,,,,아군 전체 회피를 55% 상승시킨다.
7,스테츠킨,HG,4,0:55:00,,83,28,66,44,65,15,0.2,,,011020011,ALL,0.12,,,0.24,,,,진압신호,일반버프,6,12,8,,,,아군,,,,0.22,,,,,,아군 전체 사속을 22% 상승시킨다.
8,마카로프,HG,3,0:40:00,,63,26,96,61,61,15,0.2,,,100121100,ALL,0.2,,,0.12,,,,시야봉쇄,일반버프,6,12,6,,,,적군,,,-0.36,,,,,,,적군 전체 명중을 36% 감소시킨다.
9,P38,HG,2,0:20:00,,66,28,81,49,57,15,0.2,,,011020011,ALL,,,0.56,0.14,,,,조명탄,야간버프,3,16,15,,,,아군,,,0.9,,,,,,,야간작전에서 아군 전체 명중을 90% 상승시킨다.
10,PPK,HG,2,0:22:00,,57,25,100,59,63,15,0.2,,,100121100,ALL,,,,0.32,0.16,,,사냥신호,일반버프,6,12,8,,,,아군,0.1,,,,0.35,,,,,"아군 전체 화력을 10%, 치명타율을 35% 상승시킨다."
11,P08,HG,3,0:30:00,,70,31,80,46,55,15,0.2,,,010021010,ALL,0.14,,0.7,,,,,엄호개시N,야간버프,6,12,8,,,,아군,,0.85,,,,,,,,"야간작전에서 아군 전체 회피를 85% 상승시킨다. (주간 보정치 : 35%), 지속시간 8초(주간 보정치 : 5초)"
12,C96,HG,3,0:30:00,,83,29,61,41,62,15,0.2,,,100021100,ALL,,0.3,0.64,,,,,조명탄,야간버프,3,16,15,,,,아군,,,1,,,,,,,야간작전에서 아군 전체 명중을 100% 상승시킨다.
13,92식,HG,3,0:35:00,,63,31,80,46,61,15,0.2,,,111121111,ALL,,0.4,0.5,,,,,돌격개시,일반버프,6,12,8,,,,아군,0.1,,,0.1,,,,,,아군 전체의 화력과 사속을 각각 10% 씩 상승시킨다.
14,아스트라 리볼버,HG,3,0:40:00,,80,33,68,45,52,15,0.2,,,101020101,ALL,,0.2,,0.2,,,,진압신호,일반버프,6,12,8,,,,아군,,,,0.2,,,,,,아군 전체 사속을 20% 상승시킨다.
15,글록17,HG,3,,,63,29,87,58,61,15,0.2,,,101021101,ALL,,0.3,0.64,,,,,기선제압,일반버프,6,12,8,,,,적군,-0.25,,,,,,,,,적군 전체 화력을 25% 감소시킨다.
16,톰슨,SMG,5,2:30:00,,238,31,56,12,82,12,0.05,,,100020100,AR,0.12,0.15,,,,,,포스실드,역장,8,16,4,,,,자신,,,,,,,,,,자신의 피해를 막는 왜곡방벽을 9999점 생성한다.
17,M3,SMG,2,1:30:00,,185,30,67,13,68,12,0.05,,,000120000,AR,,0.3,0.4,,,,,수류탄,광역피해,3,16,,,2.5,5.5,적군,,,,,,,,,,수류탄을 투척하여 반경 2.5범위 내의 적들에게 공격력의 5.5배의 피해를 입힌다.
18,MAC-10,SMG,3,2:00:00,,176,28,68,11,91,12,0.05,,,100120100,AR,0.12,,,,,,,연막탄,일반버프,1,16,4,,2.5,,적군,,,,-0.36,,-0.5,,,,"연막탄을 투척하여 반경 2.5범위 내의 적들의 공격속도를 36%, 이동속도를 50% 감소시킨다."
19,FMG-9,SMG,3,,,141,26,90,13,92,12,0.05,,,100020100,AR,0.1,0.12,,,,,,회피기동,일반버프,6,8,5,,,,자신,,1.2,,,,,,,,자신의 회피를 120% 상승시킨다.
20,Vector,SMG,5,2:35:00,,185,30,71,11,101,12,0.05,,,000120000,AR,,,,0.25,,,,소이탄,방화,3,16,5,,1.5,7,적군,,,,,,,,,,"소이탄을 투척하여 반경 1.5범위 내의 적들에게 공격력의 7배의 폭발 대미지와 함께, 5초 동안, 매 0.33초당 공격력의 1배의 화상 도트 대미지를 입힌다."
21,PPSh-41,SMG,2,1:50:00,,194,26,56,11,93,12,0.05,,,010020010,AR,0.1,,,0.05,,,,수류탄,광역피해,3,16,,,2.5,5.5,적군,,,,,,,,,,수류탄을 투척하여 반경 2.5범위 내의 적들에게 공격력의 5.5배의 피해를 입힌다.
22,PPS-43,SMG,3,2:10:00,,176,33,65,13,74,12,0.05,,,100120100,AR,0.12,,,,,,,수류탄,광역피해,3,16,,,2.5,6,적군,,,,,,,,,,수류탄을 투척하여 반경 2.5범위 내의 적들에게 공격력의 6배의 피해를 입힌다.
23,PP-90,SMG,4,2:20:00,,159,25,86,13,96,12,0.05,,,100020100,AR,0.08,0.2,,,,,,회피기동T,일반버프,4,16,15,,,,자신,,0.45,,,,,,,,자신의 회피를 45% 상승시킨다.
24,PP-2000,SMG,2,1:10:00,,159,30,74,11,80,12,0.05,,,100020100,AR,0.1,,0.25,,,,,수류탄,광역피해,3,16,,,2.5,5.5,적군,,,,,,,,,,수류탄을 투척하여 반경 2.5범위 내의 적들에게 공격력의 5.5배의 피해를 입힌다.
25,MP40,SMG,2,1:30:00,,185,29,58,13,76,12,0.05,,,100020100,AR,0.25,0.2,,,,,,소이탄,방화,3,16,5,,1.5,5.5,적군,,,,,,,,,,"소이탄을 투척하여 반경 1.5범위 내의 적들에게 공격력의 5.5배의 폭발 대미지와 함께, 5초 동안, 매 0.33초당 공격력의 1배의 화상 도트 대미지를 지속적으로 입힌다."
26,MP5,SMG,4,2:20:00,,168,30,68,13,89,12,0.05,,,100020100,AR,,,0.4,,0.2,,,포스실드,역장,8,16,3,,,,자신,,,,,,,,,,자신의 피해를 막는 왜곡방벽을 9999점 생성한다.
27,스콜피온,SMG,3,2:00:00,,159,24,83,13,95,12,0.05,,,000120000,AR,,,0.5,0.15,,,,소이탄,방화,3,16,5,,1.5,6,적군,,,,,,,,,,"소이탄을 투척하여 반경 1.5범위 내의 적들에게 공격력의 6배의 폭발 대미지와 함께, 5초 동안, 매 0.33초당 공격력의 1배의 화상 도트 대미지를 지속적으로 입힌다."
28,MP7,SMG,5,,,198,30,69,13,91,12,0.05,,,100120100,AR,,,0.25,0.15,,,,현월무희,일반버프,6,8,5,,,,자신,,1.8,-0.2,-0.2,,0.5,,,,"자신의 공격속도와 명중을 20% 감소시키고,이동속도를 50%와 회피를 180% 상승시킨다."
29,스텐MkII,SMG,3,1:40:00,,185,26,75,15,78,12,0.05,,,100120100,AR,,0.3,0.1,,,,,수류탄,광역피해,3,16,,,2.5,6,적군,,,,,,,,,,수류탄을 투척하여 반경 2.5범위 내의 적들에게 공격력의 6배의 피해를 입힌다.
31,베레타 38형,SMG,2,1:30:00,,203,32,52,12,75,12,0.05,,,100020100,AR,0.05,,,0.1,,,,섬광탄,기절,5,16,3.2,,2.5,,적군,,,,,,,,,,섬광탄을 투척하여 반경 2.5범위 내의 적들을 3.2초 동안 기절 상태로 만든다.
32,마이크로 우지,SMG,3,1:40:00,,159,24,79,11,104,12,0.05,,,010020010,AR,0.18,,,0,,,,소이탄,방화,3,16,5,,1.5,6,적군,,,,,,,,,,"소이탄을 투척하여 반경 1.5범위 내의 적들에게 공격력의 6배의 폭발 대미지와 함께, 5초 동안, 매 0.33초당 공격력의 1배의 화상 도트 대미지를 지속적으로 입힌다."
33,m45,SMG,2,1:20:00,,185,30,62,12,74,12,0.05,,,100020100,AR,,0.1,,0.1,,,,연막탄,일반버프,1,12,4,,2.5,,적군,,,,-0.36,,0.45,,,,"연막탄을 투척하여 반경 2.5범위 내의 적들의 공격속도를 36%, 이동속도를 45% 감소시킨다."
34,M1 개런드,RF,3,4:00:00,,88,120,28,62,37,7,0.4,,,000021000,HG,,,,,,0.12,,정밀저격,저격,5,11,,1,,5.5,현재타깃,,,,,,,,,,"스킬 쿨타임 종료 후 1초마다 1회, 최대 5회 충전한다. 스킬 발동 시 1초간 조준 후, 충전 횟수에 따라 현재 공격 대상에게 2.6~5.5배의 피해를 주고 충전을 해제한다."
35,M1A1,RF,3,,,84,95,42,77,38,7,0.4,,,010020010,HG,,,,,,0.12,,고속사격T,일반버프,5,16,15,,,,자신,,,,0.4,,,,,,자신의 사속을 40% 상승시킨다.
36,스프링필드,RF,4,4:25:00,,84,128,40,72,32,7,0.4,,,001020000,HG,,,,,,0.15,,저격개시,저격,5,11,,1,,6,가장먼타깃,,,,,,,,,,"스킬 쿨타임 종료 후 1초마다 1회, 최대 5회 충전한다. 스킬 발동 시 1초간 조준 후, 충전 횟수에 따라 가장 먼 대상에게 2.8~6배의 피해를 주고 충전을 해제한다."
37,M14,RF,3,3:40:00,,84,108,27,71,43,7,0.4,,,001020001,HG,,,,,,0.12,,화력전개,일반버프,5,8,5,,,,자신,0.6,,,,,,,,,자신의 화력을 60% 상승시킨다.
38,M21,RF,3,,,93,118,27,74,35,7,0.4,,,010020010,HG,,,,,,0.12,,목표제거,저격,5,11,,1,,5.5,랜덤타깃,,,,,,,,,,"스킬 쿨타임 종료 후 1초마다 1회, 최대 5회 충전한다. 스킬 발동 시 1초간 조준 후, 충전 횟수에 따라 특정 대상에게 2.6~5.5배의 피해를 주고 충전을 해제한다."
39,모신나강,RF,4,4:10:00,,88,131,38,85,30,7,0.4,,,000020010,HG,,,,,,0.15,,저격개시,저격,5,11,,1,,6,가장먼타깃,,,,,,,,,,"스킬 쿨타임 종료 후 1초마다 1회, 최대 5회 충전한다. 스킬 발동 시 1초간 조준 후, 충전 횟수에 따라 가장 먼 대상에게 2.8~6배의 피해를 주고 충전을 해제한다."
40,SVT-38,RF,2,3:30:00,,84,110,34,59,34,7,0.4,,,000021000,HG,,,,,,0.1,,목표제거,저격,5,11,,1,,5,랜덤타깃,,,,,,,,,,"스킬 쿨타임 종료 후 1초마다 1회, 최대 5회 충전한다. 스킬 발동 시 1초간 조준 후, 충전 횟수에 따라 특정 대상에게 2.4~5배의 피해를 주고 충전을 해제한다."
41,시모노프,RF,2,3:30:00,,93,100,34,59,34,7,0.4,,,010020010,HG,,,,,,0.1,,고속사격,일반버프,5,8,5,,,,자신,,,,0.55,,,,,,자신의 사속을 55% 상승시킨다.
42,PTRD,RF,4,4:30:00,,93,159,29,75,28,7,0.4,,,010020000,HG,,,,,,0.15,,확인사살,저격,8,9,,1.5,,7,가장가까운타깃,,,,,,,,,,"스킬 쿨타임 종료 후 1초마다 1회, 최대 7회 충전한다. 스킬 발동 시 1.5초간 조준 후, 충전 횟수에 따라 가장 가까운 목표에게 3.1~7배의 피해를 주고 충전을 해제한다."
43,SVD,RF,4,4:15:00,,80,130,33,80,37,7,0.4,,,001020001,HG,,,,,,0.15,,고속사격,일반버프,5,8,5,,,,자신,,,,0.65,,,,,,자신의 사속을 65% 상승시킨다. 
44,SV-98,RF,3,3:40:00,,84,122,28,74,37,7,0.4,,,000020001,HG,,,,,,0.12,,확인사살,저격,5,11,,1,,5.5,가장가까운타깃,,,,,,,,,,"스킬 쿨타임 종료 후 1초마다 1회, 최대 5회 충전한다. 스킬 발동 시 1초간 조준 후, 충전 횟수에 따라 가장 가까운 목표에게 2.6~5.5배의 피해를 주고 충전을 해제한다."
46,Kar98k,RF,5,4:40:00,,84,135,41,78,34,7,0.4,,,001020001,HG,,,,,,0.18,,이중저격,특수저격,4,12,,0.5,,3.5,현재타깃,,,,,,,,,,"스킬 쿨타임 종료 후 1초마다 1회, 최대 4회 충전한다. 발동 시 0.5초씩 두 번 조준 후, 충전 횟수에 따라 현재 목표에게 2.8~3.5배 피해를 준다. 그후 충전을 해제한다."
47,G43,RF,2,3:10:00,,80,111,28,58,40,7,0.4,,,001020001,HG,,,,,,0.1,,고속사격N,야간버프,8,8,5,,,,자신,,,,0.85,,,,,,야간작전에서 자신의 사속을 85% 상승시킨다. (주간 보정치 : 28%)
48,WA2000,RF,5,4:50:00,,88,130,30,82,39,7,0.4,,,000021000,HG,,,,,,0.18,,고속사격,일반버프,5,8,5,,,,자신,,,,0.75,,,,,,자신의 사속을 75% 상승시킨다.
49,56식 반,RF,3,,,93,103,36,65,36,7,0.4,,,010020010,HG,,,,,,0.12,,화력전개,일반버프,5,8,5,,,,자신,0.6,,,,,,,,,자신의 화력을 60% 상승시킨다.
50,리엔필드,RF,5,5:00:00,,80,135,40,78,36,7,0.4,,,010020010,HG,,,,,,0.18,,화력전개,일반버프,5,8,5,,,,자신,0.75,,,,,,,,,자신의 화력을 75% 상승시킨다.
51,FN-49,RF,2,3:10:00,,93,111,32,61,32,7,0.4,,,001020001,HG,,,,,,0.1,,화력전개,일반버프,5,8,5,,,,자신,0.55,,,,,,,,,자신의 화력을 55% 상승시킨다.
52,BM59,RF,2,3:20:00,,97,104,25,52,38,7,0.4,,,000021000,HG,,,,,,0.1,,고속사격,일반버프,5,8,5,,,,자신,,,,0.55,,,,,,자신의 사속을 55% 상승시킨다.
53,NTW-20,RF,5,4:45:00,,93,165,29,75,30,7,0.4,,,000021000,HG,,,,,,0.18,,확인사살,저격,8,9,,1.5,,8,가장가까운타깃,,,,,,,,,,"스킬 쿨타임 종료 후 1초마다 1회, 최대 7회 충전한다. 스킬 발동 시 1.5초간 조준 후, 충전 횟수에 따라 가장 가까운 목표에게 3.4~8배의 피해를 주고 충전을 해제한다."
54,M16A1,AR,4,,,121,47,44,46,75,10,0.2,,,011020011,SMG,0.1,0.12,,,,,,섬광탄,기절,5,16,4,,2.5,,적군,,,,,,,,,,섬광탄을 투척하여 반경 2.5범위 내의 적들을 4초 동안 기절 상태로 만든다.
55,M4A1,AR,4,,,110,46,48,48,79,10,0.2,,,011021011,AR,0.18,,,,0.3,,,화력전개T,일반버프,4,16,10,,,,자신,0.7,,,,,,,,,자신의 화력을 70% 상승시킨다.
56,M4 SOPMODII,AR,4,,,110,50,44,49,78,10,0.2,,,001021001,SMG,,0.12,0.5,,,,,살상류탄,광역피해,8,16,,,1.5,12,적군,,,,,,,,,,유탄을 발사하여 반경 1.5범위 내의 적들에게 공격력의 12배의 피해를 입힌다.
57,ST AR-15,AR,4,,,105,48,50,50,77,10,0.2,,,001021001,SMG,,0.12,,0.1,,,,고속사격T,일반버프,4,16,15,,,,자신,,,,0.45,,,,,,자신의 사속을 45% 상승시킨다.
58,AK-47,AR,3,3:20:00,,132,53,34,35,65,10,0.2,,,000020010,SMG,,0.18,,,,,,기습공격,일반버프,5,8,5,,,,자신,0.35,,1,,,,,,,"자신의 화력을 35%, 명중을 100% 상승시킨다."
59,AK-74U,SMG,5,,,194,35,67,13,83,12,0.05,,,100120100,AR,0.15,,0.25,,,,,거부반응,일반버프,6,16,5,,,,공격받은타깃,-0.5,,-0.5,,,,,,,"스킬 지속시간 동안, 자신의 공격을 받은 적의 화력과 명중을 50% 감소시킨다 (엘리트 유닛은 25%만 감소). 디버프 지속시간 5초, 스킬 지속시간 5초."
60,AS Val,AR,4,3:30:00,,132,39,49,46,75,10,0.2,,,010020000,SMG,0.25,,,0.1,,,,화력전개N,야간버프,5,16,6,,,,자신,1.8,,,,,,,,,"야간작전에서 자신의 화력을 180% 상승시킨다. (주간 보정치 : 60%),"
61,StG44,AR,3,3:00:00,,127,53,36,46,61,10,0.2,,,000021000,SMG,,0.2,0.6,,,,,파열류탄,광역피해,8,16,,,1,4.5,적군,,,,,,,,,,유탄을 발사하여 반경 1/2.5/4범위 내의 적들에게 각각 공격력의 4.5/1.8/1배의 피해를 입힌다.
62,G41,AR,5,4:05:00,,127,50,40,48,77,10,0.2,,,001020001,SMG,,0.15,0.5,,,,,화력전개T,일반버프,4,16,10,,,,자신,0.75,,,,,,,,,자신의 화력을 75% 상승시킨다.
63,G3,AR,2,2:50:00,,110,55,38,46,61,10,0.2,,,010020000,SMG,,,0.5,0.2,,,,살상류탄,광역피해,8,16,,,1.5,10,적군,,,,,,,,,,유탄을 발사하여 반경 1.5범위 내의 적들에게 공격력의 10배의 피해를 입힌다.
64,G36,AR,4,3:40:00,,127,47,41,44,72,10,0.2,,,000021001,SMG,0.3,,,0.1,,,,화력전개T,일반버프,4,16,10,,,,자신,0.7,,,,,,,,,자신의 화력을 70% 상승시킨다.
65,HK416,AR,5,3:55:00,,121,51,44,46,76,10,0.2,,,000021000,SMG,0.4,,,,,,,살상류탄,광역피해,8,16,,,1.5,15,적군,,,,,,,,,,유탄을 발사하여 반경 1.5범위 내의 적들에게 공격력의 15배의 피해를 입힌다.
66,56-1식,AR,4,3:25:00,,138,53,35,35,69,10,0.2,,,000021000,SMG,,0.15,,,0.1,,,파열류탄,광역피해,8,16,,,1,5,적군,,,,,,,,,,유탄을 발사하여 반경 1/2.5/4범위 내의 적들에게 각각 공격력의 5/2/1배의 피해를 입힌다.
68,L85A1,AR,2,2:50:00,,94,46,43,43,78,10,0.2,,,010020000,SMG,0.2,,0.5,,,,,강행돌파,일반버프,6,8,5,,,,자신,0.35,,,0.15,,,,,,"자신의 화력을 35%, 사속을 15% 상승시킨다."
69,FAMAS,AR,4,3:30:00,,121,44,40,48,81,10,0.2,,,000020001,SMG,0.25,,0.6,,,,,파열류탄,광역피해,8,16,,,1,5,적군,,,,,,,,,,유탄을 발사하여 반경 1/2.5/4범위 내의 적들에게 각각 공격력의 5/2/1배의 피해를 입힌다.
70,FNC,AR,3,3:20:00,,110,51,37,46,73,10,0.2,,,001020000,SMG,,0.12,0.5,,,,,화력전개,일반버프,5,8,5,,,,자신,0.6,,,,,,,,,자신의 화력을 60% 상승시킨다.
71,갈릴,AR,2,2:40:00,,105,50,43,44,66,10,0.2,,,000021000,SMG,,0.1,0.5,,,,,호흡조절,일반버프,5,16,15,,,,자신,,,5,,,,,,,자신의 명중을 500% 상승시킨다.
72,TAR-21,AR,4,3:30:00,,105,49,44,48,79,10,0.2,,,001020001,SMG,,0.18,,,,,,강행돌파,일반버프,6,16,5,,,,자신,0.75,,,0.25,,,,,,"자신의 화력을 75%, 사속을 25% 상승시킨다."
73,AUG,AR,5,,,121,55,46,57,75,10,0.3,,,011021011,ALL,0.12,,0.2,,,,,장례식의 비,특수버프,4,16,7,,,,자신,,,,,,,,,,"자신의 명중을 0% 감소시키는 대신,사속을 150까지 상승시키고 난사한다."
74,SIG-510,AR,2,2:40:00,,116,56,37,41,59,10,0.2,,,001020001,SMG,0.2,,,0.1,,,,화력전개,일반버프,5,8,5,,,,자신,0.55,,,,,,,,,자신의 화력을 55% 상승시킨다.
75,M1918,MG,4,6:25:00,,157,96,33,31,114,4,0.05,8,,000201000,SG,0.15,,,,,,0.1,화력전개MG,일반버프,8,18,6,,,,자신,0.7,,,,,,,,,자신의 화력을 70% 상승시킨다.
77,M2HB,MG,3,6:10:00,,215,102,16,18,100,4,0.05,10,,000201000,SG,0.22,,,,,,,사중극점,특수,0,0,,,,2.4,적군,,,,,,,,,,"패시브 스킬, 매 3회 공격 시, 그 다음 공격은 타깃에게 2.4배의 피해를 입힌다."
78,M60,MG,4,6:10:00,,182,92,26,26,111,4,0.05,9,,201000001,SG,0.1,,,0.08,,,,화력전개N-MG,야간버프,8,18,6,,,,자신,1.05,,,,,,,,,야간작전에서 자신의 화력을 105% 상승시킨다. (주간 보정치 : 35%)
79,M249 SAW,MG,3,,,157,79,36,35,139,4,0.05,8,,000201001,SG,,,0.1,0.12,,,,준비만전N,야간버프,8,18,8,,,,자신,0.45,,,,,,4,,,"야간작전에서 8초 동안 자신의 화력을 45% (주간 보정치 : 10%) 상승시키며, 사격 중 장탄수를 4발 추가한다."
80,M1919A4,MG,3,5:40:00,,182,96,22,26,99,4,0.05,9,,001000200,SG,,,0.25,,,,0.1,사냥충동,특수버프,3,18,6,,,,자신,,,0.65,,,,,,,자신의 명중을 65% 상승시키며 지속시간 동안 모든 공격이 치명타로 적용된다.
81,LWMMG,MG,2,5:10:00,,174,95,22,24,90,4,0.05,9,,000201000,SG,0.1,,,0.1,,,,사냥충동,특수버프,3,18,6,,,,자신,,,0.6,,,,,,,자신의 명중을 60% 상승시키며 지속시간 동안 모든 공격이 치명타로 적용된다.
82,DP28,MG,2,5:00:00,,141,88,31,28,114,4,0.05,9,,001000201,SG,,,,0.15,,,,준비만전,일반버프,8,18,8,,,,자신,0.28,,,,,,3,,,"8초 동안 자신의 화력을 28% 상승시키며, 사격 중 장탄수를 3발 추가한다."
84,RPD,MG,3,,,165,82,34,34,121,4,0.05,8,,001200001,SG,,,,0.16,,,,화력전개MG,일반버프,8,18,6,,,,자신,0.65,,,,,,,,,자신의 화력을 65% 상승시킨다.
85,PK,MG,4,6:30:00,,190,96,23,21,84,4,0.05,11,,001201000,SG,0.18,,,,,,,사중극점,특수,0,0,,,,2.6,적군,,,,,,,,,,"패시브 스킬, 매 3회 공격 시, 그 다음 공격은 타깃에게 2.6배의 피해를 입힌다."
86,MG42,MG,3,5:50:00,,165,92,26,23,132,4,0.05,10,,200000001,SG,0.22,,,,,,,화력전개MG,일반버프,8,18,6,,,,자신,0.65,,,,,,,,,자신의 화력을 65% 상승시킨다.
87,MG34,MG,2,5:00:00,,165,85,25,22,120,4,0.05,10,,001000200,SG,0.2,,,,,,,화력전개MG,일반버프,8,18,6,,,,자신,0.6,,,,,,,,,자신의 화력을 60% 상승시킨다.
88,MG3,MG,4,6:30:00,,198,85,21,26,130,4,0.05,10,,001200001,SG,0.1,,0.15,,,,,준비만전,일반버프,8,18,8,,,,자신,0.3,,,,,,4,,,"8초 동안 자신의 화력을 30% 상승시키며, 사격 중 장탄수를 4발 추가한다."
89,브렌,MG,3,5:20:00,,174,89,28,31,102,4,0.05,8,,201000001,SG,,,0.12,0.1,,,,준비만전,일반버프,8,18,8,,,,자신,0.3,,,,,,3,,,"8초 동안 자신의 화력을 30% 상승시키며, 사격 중 장탄수를 3발 추가한다."
90,FNP-9,HG,2,0:25:00,,60,28,83,53,61,15,0.2,,,011021011,ALL,,,0.4,0.2,,,,퇴로차단,일반버프,6,12,8,,,,적군,,-0.4,,,,,,,,적군 전체 회피를 40% 감소시킨다.
91,MP-446,HG,2,0:25:00,,66,30,74,53,59,15,0.2,,,110120110,ALL,0.28,,,,,,,격발차단,일반버프,6,12,8,,,,적군,,,,-0.22,,,,,,적군 전체 사속을 22% 감소시킨다.
92,Spectre M4,SMG,2,1:20:00,,176,25,66,12,88,12,0.05,,,000120000,AR,0.2,,,,,,,회피기동,일반버프,6,8,5,,,,자신,,1.1,,,,,,,,자신의 회피를 110% 상승시킨다.
93,IDW,SMG,2,1:10:00,,150,26,85,15,75,12,0.05,,,100120100,AR,,0.2,,,,,,회피기동,일반버프,6,8,5,,,,자신,,1.1,,,,,,,,자신의 회피를 110% 상승시킨다.
94,64식,SMG,2,1:25:00,,176,27,65,11,93,12,0.05,,,000120000,AR,,,,0.2,,,,섬광탄,기절,5,16,3.2,,2.5,,적군,,,,,,,,,,섬광탄을 투척하여 반경 2.5범위 내의 적들을 3.2초 동안 기절 상태로 만든다.
95,한양조 88식,RF,3,3:50:00,,102,108,37,60,31,7,0.4,,,000021000,HG,,,,,,0.12,,화력전개N,야간버프,8,8,6,,,,자신,0.9,,,,,,,,,야간작전에서 자신의 화력을 90% 상승시킨다. (주간 보정치 : 30%)
96,그리즐리MkV,HG,5,1:10:00,,86,38,66,51,54,15,0.2,,,110021110,ALL,0.3,0.2,,,,,,일제사격,일반버프,6,12,8,,,,아군,0.25,,,,,,,,,아군 전체 화력을 25% 상승시킨다.
97,M950A,HG,5,1:05:00,,76,30,68,55,72,15,0.2,,,101020101,ALL,,,0.5,0.3,,,,진압신호,일반버프,6,12,8,,,,아군,,,,0.25,,,,,,아군 전체 사속을 25% 상승시킨다.
98,SPP-1,HG,4,,,76,35,75,61,48,15,0.2,,,110020110,ALL,0.12,,0.9,,,,,퇴로차단,일반버프,6,12,8,,,,적군,,-0.55,,,,,,,,적군 전체 회피를 55% 감소시킨다.
99,Mk23,HG,4,0:50:00,,80,29,66,53,63,15,0.2,,,100121100,ALL,0.36,,,,,,,일제사격N,야간버프,6,12,8,,,,아군,0.35,,,,,,,,,야간작전에서 아군 전체 화력을 35% 상승시킨다. (주간 보정치 : 20%)
100,P7,HG,4,0:55:00,,63,32,83,62,61,15,0.2,,,111020111,ALL,,0.24,0.2,,,,,엄호개시,일반버프,6,12,8,,,,아군,,0.6,,,,,,,,아군 전체 회피를 60% 상승시킨다. 
101,UMP9,SMG,4,2:15:00,,176,26,76,14,87,12,0.05,,,100120100,AR,,,0.3,0.12,,,,섬광탄,기절,5,16,4,,2.5,,적군,,,,,,,,,,섬광탄을 투척하여 반경 2.5범위 내의 적들을 4초 동안 기절 상태로 만든다.
102,UMP40,SMG,4,,,180,27,75,14,85,12,0.05,,,011020011,SMG,,,,,5,,,과중부하,특수,1,666,,,,,자신,,,,,,,,,,"패시브 효과 : 스킬 미발동 시, 매 2초마다 회피 상승 10%, 화력 감소 5%(최대 5회 중첩) & 액티브 효과 : 누적된 패시브 효과를 초기화 한 뒤, 매 2초마다 화력 상승 30%, 회피감소 25% (최대 5회 중첩)"
103,UMP45,SMG,4,2:15:00,,185,28,74,13,82,12,0.05,,,100120100,AR,0.18,,,,0.3,,,연막탄,일반버프,1,16,4,,2.5,,적군,,,,-0.4,,-0.5,,,,"연막탄을 투척하여 반경 2.5범위 내의 적들의 공격속도를 40%, 이동속도를 50% 감소시킨다."
104,G36C,SMG,5,2:30:00,,203,32,65,13,83,12,0.05,,,100120100,AR,0.1,,,0.08,,,,포스실드,역장,8,16,4,,,,자신,,,,,,,,,,자신의 피해를 막는 왜곡방벽을 9999점 생성한다.
105,OTs-12,AR,3,3:10:00,,105,42,54,54,72,10,0.2,,,001021000,SMG,0.15,,,0.2,,,,고속사격T,일반버프,4,16,10,,,,자신,,,,0.6,,,,,,자신의 사속을 60% 상승시킨다.
106,FAL,AR,5,3:45:00,,132,57,38,43,72,10,0.2,,,001021001,SMG,,0.2,,,,,,유탄폭격,특수광역피해,6,16,,,1.5,5,적군,,,,,,,,,,3발의 유탄을 연속으로 발사하여 각 발당 반경 1.5범위 내의 적들에게 공격력의 5배의 피해를 입힌다.
107,F2000,AR,2,2:45:00,,105,42,40,44,81,10,0.2,,,000021000,SMG,0.2,0.1,,,,,,화력전개,일반버프,5,8,5,,,,자신,0.55,,,,,,,,,자신의 화력을 55% 상승시킨다.
108,CZ-805,AR,3,,,116,43,41,49,75,10,0.2,,,001020001,SMG,,,0.5,0.25,,,,파열류탄,광역피해,8,16,,,1,4.5,적군,,,,,,,,,,유탄을 발사하여 반경 1/2.5/4범위 내의 적들에게 각각 공격력의 4.5/1.8/1배의 피해를 입힌다.
109,MG5,MG,5,6:45:00,,198,85,27,27,120,4,0.05,11,,001200001,SG,0.1,,,,,,0.1,사중극점,특수,0,0,,,,3,적군,,,,,,,,,,"패시브 스킬, 매 3회 공격 시, 그 다음 공격은 타깃에게 3배의 피해를 입힌다."
110,FG42,MG,2,4:50:00,,149,87,33,28,121,4,0.05,8,,001200001,SG,,,0.3,,,,,사냥충동,특수버프,3,18,6,,,,자신,,,0.6,,,,,,,자신의 명중을 60% 상승시키며 지속시간 동안 모든 공격이 치명타로 적용된다.
111,AAT-52,MG,2,4:50:00,,182,79,22,24,118,4,0.05,10,,200000001,SG,,,,0.2,,,,화력전개N-MG,야간버프,8,18,6,,,,자신,0.85,,,,,,,,,야간작전에서 자신의 화력을 85% 상승시킨다. (주간 보정치 : 30%)
112,네게브,MG,5,6:35:00,,174,84,36,35,139,4,0.05,9,,001201001,SG,,,,,,,0.2,혈류가속,특수,0,1,25,,,,자신,,,,,,,,,,재장전 할 때 마다 25초간 자신의 화력이 50% 상승하는 버프를 받는다 (각 버프는 중첩가능)
113,세르듀코프,HG,3,,,70,33,68,58,59,15,0.2,,,010120010,ALL,0.24,,0.24,,,,,일제사격,일반버프,6,12,8,,,,아군,0.2,,,,,,,,,아군 전체 화력을 20% 상승시킨다.
114,웰로드MkII,HG,5,1:00:00,,80,28,90,71,52,15,0.4,,,110120110,ALL,0.2,,,0.16,,,,시야봉쇄,일반버프,6,12,6,,,,적군,,,-0.45,,,,,,,적군 전체 명중을 45% 감소시킨다.
115,수오미,SMG,5,2:25:00,,220,28,56,15,93,12,0.05,,,100020100,AR,,,0.3,0.15,,,,회피기동,일반버프,6,8,5,,,,자신,,1.5,,,,,,,,자신의 회피를 150% 상승시킨다.
116,Z-62,SMG,3,2:05:00,O,168,28,77,15,77,12,0.05,,,000120100,AR,0.12,0.1,,,,,,소이탄,방화,3,16,5,,1.5,6,적군,,,,,,,,,,"소이탄을 투척하여 반경 1.5범위 내의 적들에게 공격력의 6배의 폭발 대미지와 함께, 5초 동안, 매 0.33초당 공격력의 1배의 화상 도트 대미지를 지속적으로 입힌다."
117,PSG-1,RF,4,4:20:00,O,93,120,26,73,39,7,0.4,,,010020010,HG,,,,,,0.15,,저격개시,저격,5,11,,1,,6,가장먼타깃,,,,,,,,,,"스킬 쿨타임 종료 후 1초마다 1회, 최대 5회 충전한다. 스킬 발동 시 1초간 조준 후, 충전 횟수에 따라 가장 먼 대상에게 2.8~6배의 피해를 주고 충전을 해제한다."
118,9A-91,AR,4,3:35:00,,116,42,50,49,78,10,0.2,,,001020001,SMG,,0.15,,0.1,,,,화력전개N,야간버프,5,16,6,,,,자신,1.8,,,,,,,,,야간작전에서 자신의 화력을 180% 상승시킨다. (주간 보정치 : 60%)
119,OTs-14,AR,5,,,110,49,54,54,75,10,0.2,,,001021001,SMG,,,0.65,0.25,,,,화력전개N,야간버프,5,16,6,,,,자신,2,,,,,,,,,야간작전에서 자신의 화력을 200% 상승시킨다. (주간 보정치 : 70%)
120,ARX-160,AR,3,3:15:00,O,99,49,48,48,73,10,0.2,,,000020001,SMG,0.25,,0.5,,,,,살상류탄,광역피해,8,16,,,1.5,11,적군,,,,,,,,,,유탄을 발사하여 반경 1.5범위 내의 적들에게 공격력의 11배의 피해를 입힌다.
121,Mk48,MG,4,6:20:00,,174,90,26,25,112,4,0.05,10,,001000201,SG,,,,0.18,,,,사냥충동,특수버프,3,18,6,,,,자신,,,0.7,,,,,,,자신의 명중을 70% 상승시키며 지속시간 동안 모든 공격이 치명타로 적용된다.
122,G11,AR,5,4:04:00,,121,43,41,44,95,10,0.2,,,000021000,SMG,0.3,0.1,,,,,,호크아이,특수,6,16,4.5,,,3,자신,,,,,,,,,,매 공격시 목표대상에게 3회의 피해를 입힌다.
123,P99,HG,3,0:35:00,,60,31,87,56,61,15,0.2,,,010021010,ALL,,0.36,,0.12,,,,엄호개시,일반버프,6,12,8,,,,아군,,0.55,,,,,,,,아군 전체 회피를 55% 상승시킨다.
124,Super SASS,RF,3,,,88,115,27,65,39,7,0.4,,,001020000,HG,,,,,,0.12,,목표제거,저격,5,11,,1,,5.5,랜덤타깃,,,,,,,,,,"스킬 쿨타임 종료 후 1초마다 1회, 최대 5회 충전한다. 스킬 발동 시 1초간 조준 후, 충전 횟수에 따라 특정 대상에게 2.6~5.5배의 피해를 주고 충전을 해제한다."
125,MG4,MG,5,6:40:00,,182,84,34,34,139,4,0.05,9,,001200001,SG,,,0.12,,,,0.15,준비만전,일반버프,8,18,8,,,,자신,0.35,,,,,,4,,,"8초 동안 자신의 화력을 35% 상승시키며, 사격 중 장탄수를 4발 추가한다."
126,NZ75,HG,5,1:05:00,,73,33,74,62,63,15,0.2,,,011121011,ALL,0.2,0.3,,,,,,격발차단,일반버프,6,12,8,,,,적군,,,,-0.3,,,,,,적군 전체 사속을 30% 감소시킨다.
127,79식,SMG,5,2:35:00,,194,32,70,12,88,12,0.05,,,100020100,AR,0.2,,,,,,,섬광탄,기절,5,16,4.5,,2.5,,적군,,,,,,,,,,섬광탄을 투척하여 반경 2.5범위 내의 적들을 4.5초 동안 기절 상태로 만든다.
128,M99,RF,5,4:55:00,,88,157,32,81,32,7,0.4,,,000021000,HG,,,,,,0.18,,저격개시,저격,8,9,,1.5,,8,가장먼타깃,,,,,,,,,,"스킬 쿨타임 종료 후 1초마다 1회, 최대 7회 충전한다. 스킬 발동 시 1.5초간 조준 후, 충전 횟수에 따라 가장 먼 대상에게 3.4~8배의 피해를 주고 충전을 해제한다."
129,95식,AR,5,3:50:00,,116,55,46,52,71,10,0.2,,,000020001,SMG,0.1,0.18,,,,,,화력전개T,일반버프,2,16,15,,,,자신,0.5,,,,,,,,,자신의 화력을 50% 상승시킨다.
130,97식,AR,5,3:50:00,,116,54,46,51,72,10,0.2,,,001020000,SMG,0.1,0.18,,,,,,고속사격T,일반버프,2,16,15,,,,자신,,,,0.5,,,,,,자신의 사속을 50% 상승시킨다.
131,EVO 3,SMG,3,,,194,23,68,13,93,12,0.05,,,000120000,AR,,,0.55,,,,,수류탄,광역피해,3,16,,,2.5,6,적군,,,,,,,,,,수류탄을 투척하여 반경 2.5범위 내의 적들에게 공격력의 6배의 피해를 입힌다.
132,59식,HG,3,,,60,28,96,61,61,15,0.2,,,011021011,ALL,0.2,,0.5,,,,,퇴로차단N,야간버프,6,12,8,,,,적군,,-0.75,,,,,,,,"야간작전에서 적군 전체 회피를 75% 감소시킨다. (주간 보정치 : 40%), 지속시간 8초(주간 보정치 : 5초)"
133,63식,AR,2,2:45:00,,99,51,40,40,73,10,0.2,,,000021000,SMG,0.1,,,0.2,,,,호흡조절,일반버프,5,16,15,,,,자신,,,5,,,,,,,자신의 명중을 500% 상승시킨다.
134,AR70,AR,3,,,110,50,41,44,71,10,0.2,,,001020000,SMG,,,0.75,0.16,,,,살상류탄,광역피해,8,16,,,1.5,11,적군,,,,,,,,,,유탄을 발사하여 반경 1.5범위 내의 적들에게 공격력의 11배의 피해를 입힌다.
135,SR-3MP,SMG,5,2:33:00,,194,31,67,12,90,12,0.05,,,100120100,AR,,,,0.18,0.3,,,화력전개,일반버프,4,8,5,,,,자신,2.6,,,,,,,,,자신의 화력을 260% 상승시킨다.
136,PP-19,SMG,4,,,176,26,74,14,91,12,0.05,,,000120000,AR,0.24,,,,,,,수류탄,광역피해,3,16,,,2.5,6.5,적군,,,,,,,,,,수류탄을 투척하여 반경 2.5범위 내의 적들에게 공격력의 6.5배의 피해를 입힌다.
137,PP-19-01,SMG,4,2:18:00,,194,27,68,13,85,12,0.05,,,100020100,AR,,,0.3,0.12,,,,연막탄,일반버프,1,16,4,,2.5,,적군,,,,-0.4,,-0.5,,,,"연막탄을 투척하여 반경 2.5범위 내의 적들의 공격속도를 40%, 이동속도를 50% 감소시킨다."
138,6P62,AR,3,,,121,69,33,37,54,10,0.2,,,000021000,SMG,0.35,,,,,,,기습공격,일반버프,5,8,5,,,,자신,0.35,,1,,,,,,,"자신의 화력을 35%, 명중을 100% 상승시킨다."
139,Bren Ten,HG,2,0:28:00,,70,31,63,51,58,15,0.2,,,010121010,ALL,0.16,,,0.1,,,,일제사격,일반버프,6,12,8,,,,아군,0.18,,,,,,,,,아군 전체 화력을 18% 상승시킨다.
140,PSM,HG,3,,,57,24,112,67,65,15,0.2,,,001121001,ALL,,0.36,0.56,,,,,엄폐지시,일반버프,6,12,8,,,,아군,,0.28,0.55,,,,,,,"아군 전체 명중을 55%, 회피를 28% 상승시킨다."
141,USP Compact,HG,2,0:28:00,,66,24,86,60,64,15,0.2,,,100021100,ALL,,,0.28,,,,,목표확인,일반버프,6,12,8,,,,아군,,,1,,,,,,,아군 전체 명중을 100% 상승시킨다.
142,Five-seveN,HG,5,,,63,31,97,57,66,15,0.2,,,011020011,ALL,,,,0.3,0.2,,,소멸지시,일반버프,6,12,8,,,,아군,,,,0.2,0.2,,,,,아군 전체의 사속과 치명타율을 각각 20% 씩 상승시킨다.
143,RO635,SMG,5,,,194,27,71,14,97,12,0.05,,,110120110,AR,,,0.35,0.1,,,,정신교란,특수버프,3,12,5,,,,적군+자신,-0.25,0.7,,,,,,,,"적군 전체 화력을 25% 감소시키고, 자신의 회피를 70% 상승시킨다."
144,MT-9,SMG,3,,,203,25,60,13,88,12,0.05,,,100020100,AR,0.1,0.12,,,,,,섬광탄,기절,5,16,3.5,,2.5,,적군,,,,,,,,,,섬광탄을 투척하여 반경 2.5범위 내의 적들을 3.5초 동안 기절 상태로 만든다.
145,OTs-44,RF,3,3:50:00,O,80,157,32,67,32,7,0.4,,,001020001,HG,,,,,,0.12,,정밀저격,저격,8,9,,1.5,,6.5,현재타깃,,,,,,,,,,"스킬 쿨타임 종료 후 1초마다 1회, 최대 7회 충전한다. 스킬 발동 시 1.5초간 조준 후, 충전 횟수에 따라 현재 공격 대상에게 3~6.5배의 피해를 주고 충전을 해제한다."
146,G28,RF,4,4:20:00,O,88,119,29,80,39,7,0.4,,,010020010,HG,,,,,,0.15,,화력전개,일반버프,5,8,5,,,,자신,0.65,,,,,,,,,자신의 화력을 65% 상승시킨다.
147,SSG 69,RF,3,,,80,130,39,82,30,7,0.4,,,000021000,HG,,,,,,0.12,,화력전개,일반버프,5,8,5,,,,자신,0.6,,,,,,,,,자신의 화력을 60% 상승시킨다.
148,IWS 2000,RF,5,4:52:00,,88,162,29,78,32,7,0.4,,,010020010,HG,,,,,,0.18,,육참골단,일반버프,6,16,10,,,,자신,1.8,,,-0.35,,,,,,"지속시간 동안 자신의 공격속도를 35% 감소하고, 화력을 180% 상승시킨다."
149,AEK-999,MG,4,6:20:00,,165,89,28,29,120,4,0.05,10,,001200001,SG,,,,0.15,,,0.1,사냥충동N,야간버프,8,18,6,,,,자신,0.4,,0.7,,,,,,,"야간작전에서 자신의 화력을 40%(주간 보정치 없음), 명중을 70%(주간 보정치 : 20%) 상승시키며 지속시간 동안 모든 공격이 치명타로 적용된다."
150,시프카,SMG,4,2:18:00,,168,24,79,14,95,12,0.05,,,100020100,AR,,0.1,,0.15,,,,회피기동,일반버프,6,8,5,,,,자신,,1.8,,,,,,,,자신의 회피를 130% 상승시킨다.
151,M1887,SG,5,,,275,39,12,12,22,6,0.4,4,22,000102000,MG,0.2,,0.2,,,,,피니쉬 어택,특수,15,16,,,3,,적군,,,,,,,,,,"단일 적 타깃에게 1000의 고정 대미지를 입히고, 거리 3칸 만큼 적을 밀어낸다."
152,M1897,SG,3,7:30:00,O,253,35,11,11,26,6,0.4,4,21,000102100,MG,,,0.5,,,,,진형붕괴,넉백,8,16,,,3,2,적군,,,,,,,,,,"공격력의 2배의 피해를 주는 추가탄을 발사하고, 거리 3칸 만큼 적을 밀어낸다."
153,M37,SG,4,7:45:00,O,253,33,12,12,26,6,0.4,4,22,100002100,MG,0.18,,,,,,,진형붕괴,넉백,8,16,,,3,2.5,적군,,,,,,,,,,"공격력의 2.5배의 피해를 주는 추가탄을 발사하고, 거리 3칸 만큼 적을 밀어낸다."
154,M500,SG,3,7:20:00,O,264,31,10,11,29,6,0.4,4,21,102000100,MG,0.18,,,,,,,집중방어,일반버프,10,16,6,,,,자신,,,,,,,,,0.6,자신의 장갑을 60% 상승시킨다.
155,M590,SG,4,7:40:00,O,264,32,10,11,31,6,0.4,4,22,100000102,MG,,,0.55,,,,,집중방어,일반버프,10,16,6,,,,자신,,,,,,,,,0.7,자신의 장갑을 70% 상승시킨다.
156,Super-Shorty,SG,4,7:50:00,O,242,28,19,14,30,6,0.4,3,20,000102000,MG,0.15,,0.2,,,,,생존본능,일반버프,10,16,6,,,,자신,,0.55,,,,,,,0.5,"자신의 회피를 55%, 장갑을 50% 상승시킨다."
157,KSG,SG,5,8:00:00,O,253,29,12,13,30,6,0.4,5,24,100002100,MG,0.2,,,,,,,생존본능,일반버프,10,16,6,,,,자신,,0.6,,,,,,,0.6,자신의 장갑과 회피를 각각 60% 씩 상승시킨다.
158,KS-23,SG,3,7:25:00,O,275,40,10,9,25,6,0.4,3,21,002000100,MG,0.12,,0.3,,,,,화력전개SG,샷건버프,8,16,8,,5,,자신,1.2,,,,,,,,,"자신의 화력을 120% 상승시키며, 지속시간 동안 동시공격 가능한 타깃수가 5명으로 늘어난다.(슬러그 탄의 효과와 중첩되지 않는다.)"
159,RMB-93,SG,3,7:30:00,O,242,30,13,11,28,6,0.4,4,22,100000002,MG,0.12,,0.3,,,,,진형붕괴,넉백,8,16,,,3,2,적군,,,,,,,,,,"공격력의 2배의 피해를 주는 추가탄을 발사하고, 거리 3칸 만큼 적을 밀어낸다."
160,Saiga-12,SG,5,8:05:00,O,264,29,11,12,35,6,0.4,5,23,100102100,MG,0.15,,,,,,,약점조준,특수,8,16,,,,,적군,,,,,,,,,,"다음 3회의 공격을 점차 강화 하여, 각각 타깃에게 자신의 공격력의 1.5/2.5/3.5배의 피해를 입힌다."
161,97식 산탄총,SG,4,,,264,33,13,12,27,6,0.4,3,20,100102100,MG,0.12,,,,,,,화력전개SG,샷건버프,8,16,8,,5,,자신,1.2,,,,,,,,,"자신의 화력을 120% 상승시키며, 지속시간 동안 동시공격 가능한 타깃수가 5명으로 늘어난다.(슬러그 탄의 효과와 중첩되지 않는다.)"
162,SPAS-12,SG,4,7:40:00,O,275,33,9,11,32,6,0.4,4,21,100102000,MG,0.2,,,,,,,화력전개SG,샷건버프,8,16,8,,5,,자신,1.2,,,,,,,,,"자신의 화력을 120% 상승시키며, 지속시간 동안 동시공격 가능한 타깃수가 5명으로 늘어난다.(슬러그 탄의 효과와 중첩되지 않는다.)"
163,AA-12,SG,5,8:12:00,O,275,30,11,12,39,6,0.4,5,22,100102000,MG,0.22,,,,,,,금당현상,특수버프,8,16,8,,,,자신,,,,0.8,,,10,,,"장탄수를 10 발, 사속을 80% 상승시키며, 공격이 적을 밀어낼 확률이 10%로 상승한다."
164,FP-6,SG,5,8:06:00,O,260,31,12,13,28,6,0.4,4,24,102100100,MG,0.12,,0.1,,,,,로스트 에덴,특수,10,16,8,,,,아군+적군,,,,,,,,,,"자신이 위치한 열에 무작위로 방패를 2개 설치하여, 작은 범위에 80% 피해를 주고 밀어낸다. 방패가 설치된 칸에 있는 아군은 받는 피해가 30% 감소한다."
165,M1014,SG,4,7:14:00,O,275,31,11,12,32,6,0.4,4,21,100000102,MG,0.2,,,,,,,과잉방위,일반버프,10,16,8,,,,자신,0.5,,,,,,,,0.3,"자신의 화력을 50%, 장갑을 30% 상승시킨다."
166,CZ75,HG,5,,,66,34,74,62,66,15,0.2,,,110020110,ALL,0.16,,,0.2,,,,토마호크 어택,특수,6,12,,,,10,랜덤타깃,,,,,,,,,,"투척용 도끼를 던져, 타깃에게 공격력의 10배의 피해를 입힌다."
167,HK45,HG,3,,,66,34,80,58,55,15,0.2,,,101020101,ALL,0.32,,,,,,,기습작전,일반버프,6,12,8,,,,아군,0.15,,0.1,,,,,,,"아군 전체 화력을 15%, 명중을 10% 상승시킨다."
168,Spitfire,HG,4,0:52:00,,70,33,71,60,59,15,0.2,,,101200101,ALL,0.3,,0.4,,,,,격발차단,일반버프,6,12,8,,,,적군,,,,-0.28,,,,,,적군 전체 사속을 28% 감소시킨다.
169,SCW,SMG,3,,,168,30,68,12,91,12,0.05,,,000120000,AR,0.06,,,0.1,,,,신속처분,일반버프,6,8,5,,,,자신,1.5,0.4,,,,,,,,"자신의 화력을 150%, 회피를 40% 상승시킨다."
170,ASh-12.7,AR,3,,,110,65,36,41,59,10,0.2,,,001020001,SMG,0.3,,,,,,,집중사격,일반버프,6,8,5,,,,자신,0.5,,,,0.5,,,,,자신의 화력과 치명타율을 각각 50% 씩 상승시킨다.
171,리베롤,AR,4,3:40:00,,110,64,40,44,63,10,0.2,,,010020010,AR,0.2,,,,,,,선혈의 파도,일반버프,6,16,5,,,,버프칸아군,0.25,,0.25,0.25,,,,,,"스킬 발동시 자신이 제공하는 버프칸에 있는 아군에게, 화력과 명중 그리고 사속을 25% 상승시킨다."
172,RFB,AR,5,3:58:00,,105,69,49,68,54,10,0.3,,,001021001,SMG,0.3,0.18,,,,,,저격지원,특수버프,6,16,8,,,,자신,0.8,,0.4,,,,,,,"스킬 발동 시 자신의 화력을 80%, 명중을 40% 상승시키며, 후열의 적을 우선적으로 공격하게된다."
173,PKP,MG,5,6:50:00,,165,95,29,31,127,4,0.05,10,,201001001,SG,,,0.12,0.15,,,,선전포고,특수,0,0,,,,,자신,,,,,,,,,,매 공격시 20%의 확률로 반드시 치명상을 입히는 탄환 한 발을 발사한다.
174,81식 카빈,RF,3,,,75,123,41,79,32,7,0.4,,,001020000,HG,,,,,,0.12,,고속사격N,야간버프,8,8,5,,,,자신,,,,0.9,,,,,,야간작전에서 자신의 사속을 90% 상승시킨다. (주간 보정치 : 30%)
175,ART556,AR,5,,,116,53,49,53,69,10,0.2,,,001020001,SMG,,0.15,0.5,,,,,강행돌파,일반버프,6,16,5,,,,자신,0.85,,,0.25,,,,,,"자신의 화력을 85%, 사속을 25% 상승시킨다."
176,TMP,SMG,3,,,150,28,77,14,93,12,0.05,,,120000100,AR,0.15,,0.2,,,,,회피기동,일반버프,6,8,5,,,,자신,,1.2,,,,,,,,자신의 회피를 120% 상승시킨다.
177,KLIN,SMG,4,,,190,25,74,11,95,12,0.05,,,000120000,AR,,,,0.25,,,,소이탄,방화,3,16,5,,1.5,6.5,적군,,,,,,,,,,"소이탄을 투척하여 반경 1.5범위 내의 적들에게 공격력의 6.5배의 폭발 대미지와 함께, 5초 동안, 매 0.33초당 공격력의 1배의 화상 도트 대미지를 입힌다."
178,F1,SMG,3,1:50:00,O,212,26,60,14,80,12,0.05,,,100020100,AR,,0.15,0.4,,,,,연막탄,일반버프,1,16,4,,2.5,,적군,,,,-0.36,,-0.5,,,,"연막탄을 투척하여 반경 2.5범위 내의 적들의 공격속도를 36%, 이동속도를 50% 감소시킨다."
179,DSR-50,RF,5,,,82,163,33,87,31,7,0.4,,,000211000,HG,,,,,,0.18,,장갑파괴,특수저격,8,9,,1.5,,10,최고체력,,,,,,,,,,"스킬 쿨타임 종료 후 1초마다 1회, 최대 7회 충전한다. 스킬 발동 시 1.5초간 조준 후, 충전 횟수에 따라 체력이 가장 많은 적에게 2.8~6배의 피해를 주고 충전을 해제한다,목표가 장갑 유닛일 경우 4~10배의 피해를 준다."
180,PzB39,RF,4,4:30:00,O,84,148,31,71,32,7,0.4,,,010020010,HG,,,,,,0.15,,관통사격,특수저격,4,12,,1.5,,1.8,가장먼타깃,,,,,,,,,,"스킬 쿨타임 종료 후 1초마다 1회, 최대 4회 충전한다. 발동 시 1.5초간 조준 후, 가장 멀리 있는 목표를 향해 관통 효과를 지닌 탄환을 발사해, 경로 상의 적에게 충전 횟수에 따라 0.9~1.8배 피해를 주고, 목표에게 추가로 같은 피해를 준다. 그후 충전을 해제한다."
181,T91,AR,5,3:48:00,,124,51,46,44,76,10,0.2,,,021000001,SMG,0.2,0.12,,,,,,집중사격N,야간버프,5,16,8,,,,자신,1.2,,,,0.5,,,,,"야간작전에서 자신의 화력을 120%(주간 보정치 : 50%), 치명타율을 50%(주간 보정치 : 25%) 상승시킨다."
182,wz.29,RF,3,,,97,113,33,65,32,7,0.4,,,000020001,HG,,,,,,0.12,,고속사격,일반버프,6,8,5,,,,자신,,,,0.6,,,,,,자신의 사속을 60% 상승시킨다.
183,컨텐더,HG,5,1:02:00,,66,46,82,85,44,15,0.4,,,111121111,ALL,0.3,,,,0.2,,,단죄의 마탄,특수,6,12,,,,,적군,,,,,,,,,,"1초간 조준 후, 특수한 탄환을 발사하여 공격력의 3배의 피해를 입히고, 5초간 받는 피해량을 40% 증가시키며, 아군의 화력을 집중시킨다. 보스급의 적을 우선 조준하며, 컨텐더의 위치에 따라 전열 : 가장 멀리있는 / 중간 : 가장 체력이 많은 / 후열 : 가장 가까운 적을 조준한다"
184,T-5000,RF,4,4:10:00,,90,126,28,85,36,7,0.4,,,000020011,HG,,,,,,0.15,,민첩사격,일반버프,6,8,6,,,,자신,,,0.5,0.5,,,,,,"자신의 사속을 50%, 명중을 50% 상승시킨다."
185,아멜리,MG,4,6:25:00,,141,83,42,38,149,4,0.05,8,,001201001,SG,0.1,,,,,,0.15,준비만전N,야간버프,8,18,8,,,,자신,0.5,,,,,,4,,,"야간작전에서 8초 동안 자신의 화력을 50% (주간 보정치 : 11%) 상승시키며, 사격 중 장탄수를 4발 추가한다."
186,P226,HG,3,,,73,29,63,58,61,15,0.2,,,010021010,ALL,0.2,,0.5,,,,,격발차단,일반버프,6,12,8,,,,적군,,,,-0.25,,,,,,적군 전체 사속을 25% 감소시킨다.
187,Ak 5,AR,4,,,116,51,38,48,75,10,0.2,,,001020001,SMG,0.15,,0.3,,,,,화력전개,일반버프,5,8,5,,,,자신,0.65,,,,,,,,,자신의 화력을 65% 상승시킨다.
188,S.A.T.8,SG,5,8:10:00,O,282,29,12,13,33,6,0.4,4,22,100102100,MG,0.1,,0.15,,,,,철벽 이론,특수,2,8,5,,,,전열아군,,,,,,,,,,전투 중 전열에 존재하는 아군측 인형에게 35의 피해를 흡수하는 보호막을 부여한다.
189,USAS-12,SG,4,7:55:00,O,260,29,10,11,37,6,0.4,5,22,100002000,MG,0.15,,0.2,,,,,광란의 파티,특수버프,1,16,8,,,,자신,,,,0.6,,,4,,,"8초 동안 사속이 60% 상승하며, 장탄수가 4발 증가한다. 단, 다음 탄창 교체에 걸리는 시간이 1초 증가한다."
190,NS2000,SG,3,7:15:00,O,253,33,11,12,27,6,0.4,5,20,102000100,MG,0.15,,,,,,,진형붕괴,넉백,8,16,,,3,2,적군,,,,,,,,,,"공격력의 2배의 피해를 주는 추가탄을 발사하고, 거리 3칸 만큼 적을 밀어낸다."
191,M12,SMG,3,,,203,26,64,15,76,12,0.05,,,100120100,AR,0.08,0.08,,,,,,소이탄,방화,3,16,5,,1.5,6,적군,,,,,,,,,,"소이탄을 투척하여 반경 1.5범위 내의 적들에게 공격력의 6배의 폭발 대미지와 함께, 5초 동안, 매 0.33초당 공격력의 1배의 화상 도트 대미지를 지속적으로 입힌다."
192,JS05,RF,5,,,90,158,32,88,31,7,0.4,,,001020001,HG,,,,,,0.18,,관통사격,특수저격,4,12,,1.5,,2,가장먼타깃,,,,,,,,,,"스킬 쿨타임 종료 후 1초마다 1회, 최대 4회 충전한다. 발동 시 1.5초간 조준 후, 가장 멀리 있는 목표를 향해 관통 효과를 지닌 탄환을 발사해, 경로 상의 적에게 충전 횟수에 따라 1~2배 피해를 주고, 목표에게 추가로 같은 피해를 준다. 그후 충전을 해제한다."
193,T65,AR,3,,,124,54,40,44,76,10,0.2,,,001021000,SMG,0.15,,0.25,,,,,집중사격N,야간버프,5,16,8,,,,자신,1,,,,0.4,,,,,"야간작전에서 자신의 화력을 100%(주간 보정치 : 45%), 치명타율을 40%(주간 보정치 : 22%) 상승시킨다."
194,K2,AR,5,3:52:00,,127,50,42,51,78,10,0.2,,,001020001,SMG,0.25,,0.5,,,,,오버히트,특수,8,3,,,,,자신,,,,,,,,,,"【피버/기본】 공격력의 52%의 대미지로 3회 공격, 온도 1도 상승. 15도 초과 시, 명중&화력이 누적 온도2% 감소(최대 20도) 【노트】 매 공격 시 온도 1도 감소, 회피&이속 40% 감소. 동일 대상 타격 시 매 공격 당 화력 5%씩 상승(최대 10회)"
195,HK23,MG,3,,,149,80,34,34,135,4,0.05,9,,001201000,SG,0.08,,,,,,0.12,준비만전,일반버프,8,18,8,,,,자신,0.3,,,,,,3,,,"8초 동안 자신의 화력을 30% 상승시키며, 사격 중 장탄수를 3발 추가한다."
196,Zas M21,AR,5,4:05:00,,121,55,41,48,74,10,0.2,,,001020001,SMG,,0.15,,0.12,,,,야효요란,특수,4,16,,,2.5,,적군+자신,,,,,,,,,,유탄을 발사하여 반경 2.5범위 내의 적들에게 공격력의 300%의 피해를 입히며 3기 이상의 적 명중 시 3초 동안 타깃의 받는 피해량을 15% 증가시키고 3기 미만의 적 명중 시 8초 동안 자신의 대미지가 60% 상승한다.
197,카르카노 M1891,RF,5,4:38:00,,80,138,42,85,34,7,0.4,,,200100100,RF,,,,,,0.1,,마르스의 나팔,특수,6,8,7.5,,,,같은열아군+자신,,,,,,,,,,"스킬 발동 시, 제대에 배속된 RF 1기마다(편제무관) 자신의 치명률과 사속 8%씩 상승. 7.5초 지속 【패시브 : 공격 시 40%의 확률로 2초 동안 같은 열에 있는 모든 아군의 치명률과 사속 4% 상승(최대 3회 중첩)】"
198,카르카노 M91/38,RF,5,4:42:00,,73,146,44,90,34,7,0.4,,,100100200,RF,,,,,,0.1,,모르스의 가면,특수,6,8,,,,,적군,,,,,,,,,,발동 시 18개의 각인을 새긴다. 【패시브 : 공격 시 70% 확률로 각인을 2개씩 새긴다. 18개 도달 시 다음 공격으로 엘리트 적에게 공격력의 300%(통상 적에게 4500%)의 피해를 입히며 각인 수는 리셋된다.】
199,80식,MG,4,6:15:00,,174,93,24,26,118,4,0.05,10,,001001200,SG,0.1,,0.15,,,,,화력전개MG,일반버프,8,18,6,,,,자신,0.7,,,,,,,,,자신의 화력을 70% 상승시킨다.
200,XM3,RF,4,,,82,130,32,90,35,7,0.4,,,001021000,HG,,,,,,0.15,,고속사격N,야간버프,8,8,5,,,,자신,,,,1,,,,,,야간작전에서 자신의 사속을 100% 상승시킨다. (주간 보정치 : 32%)
201,게파드 M1,RF,3,,,88,143,28,77,30,7,0.4,,,000021001,HG,,,,,,0.12,,확인사살,저격,8,9,,1.5,,6.5,가장가까운타깃,,,,,,,,,,"스킬 쿨타임 종료 후 1초마다 1회, 최대 7회 충전한다. 스킬 발동 시 1.5초간 조준 후, 충전 횟수에 따라 가장 가까운 목표에게 3~6.5배의 피해를 주고 충전을 해제한다."
202,썬더,HG,4,,,86,46,60,57,37,15,0.4,,,100021100,ALL,0.36,,,,,,,임계점 사격,특수,4,12,,1,,12,가장가까운타깃,,,,,,,,,,"1초간 조준 후, 가장 가까운 타깃에게 공격력의 1200%의 피해를 입힌다. 단, 빗나갈 수 있으며 사격 후 재장전에 2초가 소요된다."
203,허니뱃저,SMG,4,,,198,33,60,13,82,12,0.05,,,120000100,AR,0.2,,,,0.2,,,신속처분,일반버프,6,8,5,,,,자신,1.6,0.4,,,,,,,,"자신의 화력을 160%, 회피를 40% 상승시킨다."
204,발리스타,RF,5,,,82,139,35,92,36,7,0.4,,,001020001,HG,,,,,,0.18,,처형의 표식,특수,8,16,,,,,적군,,,,,,,,,,"패시브 효과 : 1.5초마다 적에게 표식 1개를 새긴다. (중첩 가능),액티브 효과 : 스킬 발동 후 일반 사격 시 표식이 남겨진 목표에게 추가타가 발생하며 표식을 1개 소모한다. 액티브 효과는 최대 6초 혹은 표식이 전부 소모될 때까지 지속된다."
205,AN-94,AR,5,4:09:00,,116,55,48,67,76,10,0.2,,,021001001,SMG,,0.16,0.55,,,,,트윈 버스트,특수,6,8,5,,,,적군,,,,,,,,,,공격 대상이 바뀔 시 2회의 대미지를 입힌다. 스킬 발동 후 지속시간 동안 매 공격 시 2회의 대미지를 입힌다.
206,AK-12,AR,5,4:12:00,,110,56,52,62,78,10,0.2,,,001001021,SMG,0.25,,,0.15,,,,백랑의 눈,일반버프,6,8,5,,,,자신,0.35,,0.35,0.35,,,,,,"자신의 화력, 사속, 명중 및 치명률을 35% 상승시킨다."
207,CZ2000,AR,4,,,110,48,46,44,78,10,0.2,,,000021000,SMG,,0.15,,0.1,,,,여명의 기염,특수버프,4,16,10,,,,자신,,,,,,,,,,"주간전에서 화력이 65%, 치명률이 25%상승하며, 야간전일 경우 명중이 40%, 사속이 50% 상승한다."
208,HK21,MG,5,,,169,92,33,29,135,4,0.05,10,,000201001,SG,0.15,,,,,,0.15,무차별 난사,특수버프,8,18,8,,,,자신,0.4,,0.3,,,-0.5,2,,,"자신의 화력을 40%, 명중을 30% 상승시키고 장탄수가 2발 추가되며 난사 모드로 진입하여 매 공격 시 타깃을 변경한다. 단, 자신의 이동속도가 50% 감소한다."
209,OTs-39,SMG,3,,,190,27,72,14,74,12,0.05,,,100120000,AR,0.16,,,,,,,섬광탄,기절,5,16,3.5,,2.5,,적군,,,,,,,,,,섬광탄을 투척하여 반경 2.5범위 내의 적들을 3.5초 동안 기절 상태로 만든다.
210,CZ52,HG,3,,,80,33,68,50,53,15,0.2,,,011020011,ALL,0.2,0.2,,,,,,일제사격,일반버프,6,12,8,,,,아군,0.2,,,,,,,,,아군 전체 화력을 20% 상승시킨다.
211,SRS,RF,5,,,87,135,35,82,35,7,0.4,,,000021001,HG,,,,,,0.18,,사냥의 기본,일반버프,6,8,5,,,,자신,0.6,,0.4,,,,,,,"자신의 화력을 60%, 명중을 40% 상승시킨다."
212,K5,HG,4,0:53:00,,66,29,81,52,62,15,0.4,,,110121110,ALL,0.3,,0.4,,,,,전장의 철학관,특수,6,12,8,,,,버프칸아군,,,,,,,,,,"자신의 버프칸에 위치한 아군 인형에게 그 종류에 따라 강화 부여 : HG/SMG 회피 40% 상승, RF/AR 화력 22% 상승, MG/SG 명중 80% 상승"
213,C-MS,SMG,5,2:28:00,,185,32,75,15,87,12,0.05,,,100120100,AR,0.15,,,0.05,,,,마인드 체인,특수,1,1,,,,,자신,,,,,,,,,,스킬을 발동할 때마다 다른 효과를 가진 탄환으로 교체 : 아음속탄(기본) : 회피 65% 상승 / ST탄 : 화력 85% 상승 / 일반탄 : 명중 200% 상승
214,ADS,AR,5,3:55:00,,121,50,45,54,78,10,0.2,,,001021001,SMG,,0.18,0.3,,,,,폭풍 침식,특수,5,16,5,,,,적군,,,,,,,,,,"액티브: 특수한 유탄을 발사해 반경 2.5 범위 안의 적에게 침식 효과를 3겹, 중심의 대상에겐 추가로 2겹 부여한다. 스킬 사용 후 일반 사격이 침식 효과를 부여할 확률이 100%가 된다. 지속시간 5초.
패시브: 일반 사격이 40%의 확률로 침식 효과를 1겹 부여한다. 침식 효과를 5겹 가진 적에겐 매우 좁은 범위에 6배 피해를 주고 2.4초간 기절시키고 침식 효과를 해제한다.
침식 효과: 대상의 사속과 이동속도를 6% 감소시킨다. 지속시간 5초."
215,MDR,AR,5,3:53:00,,119,56,41,50,76,10,0.2,,,000021001,SMG,0.25,,0.65,,,,,데인저 스카우트,특수,4,16,10,,,,앞칸아군/자신,,,,,,,,,,"전투 중 자신의 앞 한 칸에 아군 인형이 존재 시, 해당 인형에게 40의 피해를 막아주는 보호막을 부여하고 회피를 80% 상승시킨다. 비어 있을 경우 자신의 화력을 45%, 사속을 22% 상승시킨다."
216,XM8,AR,4,3:25:00,,108,48,42,46,79,10,0.2,,,001020000,SMG,0.2,0.15,,,,,,살상류탄,광역피해,8,16,,,1.5,12,적군,,,,,,,,,,유탄을 발사하여 반경 1.5범위 내의 적들에게 공격력의 12배의 피해를 입힌다.
217,SM-1,RF,3,,,83,98,42,83,40,7,0.4,,,010020010,HG,,,,,,0.12,,고속사격T,일반버프,5,16,15,,,,자신,,,,0.4,,,,,,자신의 사속을 40% 상승시킨다.
218,T77,SMG,3,,,185,24,69,11,92,12,0.05,,,100120100,AR,,,,0.12,,,,회피기동T,일반버프,4,16,15,,,,자신,,0.4,,,,,,,,자신의 회피를 40% 상승시킨다.
220,MP-443,HG,3,,,70,33,71,53,59,15,0.2,,,011021011,ALL,0.2,0.2,,,,,,기선제압,일반버프,6,12,8,,,,적군,-0.25,,,,,,,,,적군 전체 화력을 25% 감소시킨다.
221,GSh-18,HG,3,,,70,33,86,48,52,15,0.2,,,110120110,ALL,0.24,,0.4,,,,,체인 스트라이크,특수,6,12,6,,,,적군,,,,,,,,,,"스킬 지속시간 동안 쌍총으로 공격하여 2회의 피해를 입히며 반드시 치명타가 된다,"
222,TAC-50,RF,5,,,87,155,31,83,32,7,0.4,,,000021001,HG,,,,,,0.18,,단풍과 반디,특수,10,16,,,,,적군,,,,,,,,,,패시브: 스킬 쿨타임 종료 후 TAC의 드론이 무작위의 적을 조준한다.(1초마다 대상 변경) 액티브: 조준된 적에게 치명타가 적용되는 저격을 하여 4.5배의 피해를 입힌다.
223,Model L,AR,3,,,110,50,41,45,73,10,0.2,,,000021001,SMG,0.15,,0.25,,,,,민첩사격,일반버프,5,8,5,,,,자신,,,0.9,0.4,,,,,,"자신의 사속을 40%, 명중을 90% 상승시킨다."
224,PM-06,SMG,5,,,190,29,75,15,83,10,0.05,,,100020100,AR,0.12,,0.35,,,,,탄도예측N,야간버프,4,16,10,,,,자신,,1.5,0.8,,,,,,,"야간작전시, 자신의 회피를 150%(주간작전시 50%), 명중을 80%(주간작전시 40%) 상승시킨다."
225,Cx4 스톰,SMG,4,,,180,34,74,16,64,12,0.05,,,100020100,AR,,0.1,,0.15,,,,탄도예측,일반버프,6,16,10,,,,자신,,0.8,0.5,,,,,,,"자신의 회피를 80%, 명중을 50% 상승시킨다"
226,Mk 12,RF,4,,,81,101,32,82,46,7,0.4,,,000021001,HG,,,,,,0.15,,분노의 발상,일반버프,6,8,5,,,,자신,,,,0.3,0.3,,,,,자신의 사속과 치명타 피해를 30% 상승시킨다
227,A-91,AR,4,,,113,52,37,50,75,10,0.2,,,021001001,SMG,0.1,0.15,,,,,,살상류탄N,특수광역피해,8,16,10,,1.5,10,적군+자신,0.5,,0.5,,,,,,,"유탄을 발사해 반경 1.5 범위 내의 적에게 10배의 피해를 준다,야간작전 시 추가로 자신의 화력과 명중을 50% 상승시킨다,지속시간10초."
228,100식,SMG,5,2:19:00,,212,29,67,14,76,12,0.05,,,100020100,AR,0.12,,0.35,,,,,거울 속 벚꽃,특수,8,16,5,,,,자신,,,,,,,,,,"5초간 자신의 피해를 42 흡수하는 보호막을 생성한다. 보호막이 지속시간 안에 깨질 경우, 자신의 회피를 65% 상승시키고, 안 깨졌을 경우 자신의 화력을 85% 상승시킨다"
229,M870,SG,5,,,264,33,12,13,29,6,0.4,4,23,000100102,MG,0.18,,0.12,,,,,저승길 하이패스,역장,10,16,6,,,,자신,,,,,,,,,,"자신에게 왜곡방벽을 1000점 생성한다(최대치 1000점), 지속시간 6초, 방벽은 생성 후 1초마다 100점씩 감소한다."
230,OBR,RF,3,,,81,117,32,80,37,7,0.4,,,001020001,HG,,,,,,0.12,,민첩사격,일반버프,6,8,6,,,,자신,,,0.45,0.45,,,,,,"자신의 사속을 45%, 명중을 45% 상승시킨다."
231,M82A1,RF,5,,,88,158,30,77,34,7,0.4,,,000021001,HG,,,,,,0.18,,거짓신의 계시,특수,6,8,,,,,적군,,,,,,,,,,"매번 전투마다 특수탄환을 3발 소지하며, 스킬 사용 시 1발씩 소모해, 1초간 조준후 4.2배의 피해를 준다. 마지막 한발은 두배의 피해를 주고 적을 부상 입혀, 5초간 화력을 20% 감소시킨다. 전역에서 승리할 때마다, 스킬의 피해가 10%씩 상승한다, 최대 3회 중첩가능."
232,MP-448,HG,3,,,64,26,99,62,60,15,0.2,,,110120110,ALL,0.12,,,0.2,,,,퇴로차단,일반버프,6,12,8,,,,적군,,-0.46,,,,,,,,적군 전체 회피를 46% 감소시킨다.
233,Px4 스톰,HG,5,1:04:00,,68,35,93,69,57,15,0.2,,,120110100,ALL,0.24,,0.6,,,,,치명적 도박,특수버프,6,12,8,,,,버프칸아군,,,,,-0.2,,,,,"버프칸에 있는 아군 인형의 치명타율을 20% 감소시키고, 치명타 피해를 50% 상승시킨다."
234,JS 9,SMG,5,,,180,27,86,15,89,12,0.05,,,120100100,AR,,,,0.18,0.3,,,벼락치기,특수,6,8,5,,,,자신,,,,,,,,,,"현재 적의 수에 따라 5초 간 회피(1스택당 35%), 화력(1스택당 50%) 버프를 얻는다. 적이 n기 있을 경우, (4-n)스택 화력 버프와 (n-1)스택 회피 버프를 얻는다. 회피 버프는 최대 6스택 얻을 수 있다. "
235,SPR A3G,RF,4,4:15:00,,87,130,31,83,35,7,0.4,,,001020001,HG,,,,,,0.15,,기염분출,특수,8,16,,1.5,,5.5,현재타깃,,,,,,,,,,"현재 공격 대상을 1.5초간 조준 후, 5.5배의 피해를 입힌다. 해당 적이 5초 안에 사망할 경우 자신의 사속을 25% 상승시킨다, 지속시간 5초."
236,K11,AR,5,4:11:00,,135,53,37,54,76,10,0.2,,,001021001,SMG,0.2,0.15,,,,,,유탄 호러,특수광역피해,6,16,,,1,4,적군,,,,,,,,,,"더미 인형과 함께 유탄을 발사하여, 반경 1 범위 내 적에게 4배의 피해를 준다. 유탄에 맞은 적이 3초 안에 또 K11의 유탄 피해를 받을 경우 추가로 2배의 피해를 준다."
237,SAR-21,AR,4,3:25:00,,116,44,38,46,80,10,0.2,,,001021001,SMG,0.2,,0.55,,,,,유성폭우,특수버프,4,16,6,,,,자신,,,,,,,,,,"자신의 명중을 0% 감소시키는 대신,사속을 150까지 상승시키고 난사한다"
238,88식,MG,5,6:28:00,,165,86,35,33,126,4,0.05,10,,001001201,SG,,,0.1,,,,0.15,게으른 분노,특수,8,18,6,,,,자신,,,,,,,,,,"액티브: 자신의 화력을 75% 상승시킨다, 지속시간 6초. 패시브: 경기관총 모드에서 이동 속도가 50% 상승하고, 명중이 20% 감소한다; 6초간 정지 시 중기관총 모드가 되어, 장탄수가 2발 증가하고 명중이 30% 상승한다, 이동 시 경기관총 모드가 된다."
239,03식,AR,3,,,116,51,39,47,71,10,0.2,,,000021000,SMG,0.12,0.12,,,,,,집중사격,일반버프,6,8,5,,,,자신,0.5,,,,0.5,,,,,자신의 화력과 치명타율을 각각 50% 씩 상승시킨다.
240,Mk46,MG,4,,,162,78,36,34,142,4,0.05,9,,201000001,SG,0.1,,0.1,,,,,기습공격MG,일반버프,8,18,6,,,,자신,0.5,,0.7,,,,,,,"자신의 화력을 50%, 명중을 70% 상승시킨다."
241,RT-20,RF,3,,,90,158,28,78,27,7,0.4,,,001021000,HG,,,,,,0.12,,확인사살,저격,8,9,,1.5,,6.5,가장가까운타깃,,,,,,,,,,"스킬 쿨타임 종료 후 1초마다 1회, 최대 7회 충전한다. 스킬 발동 시 1.5초간 조준 후, 충전 횟수에 따라 가장 가까운 목표에게 3~6.5배의 피해를 주고 충전을 해제한다."
242,P22,HG,5,,,70,28,110,66,62,15,0.2,,,100111120,ALL,0.3,,0.5,,,,,결전 코드,특수,6,12,8,,,,아군,0.25,0.6,0.6,,,,,,,"전투 중 최전열/중간/최후열에 위치한 아군 인형에게 각각 보호막 53 생성/ 명중과 회피 60% 상승/ 화력 25% 상승 효과를 부여한다, 지속시간 8초."
243,64식 소총,AR,5,4:06:00,,125,67,43,62,63,10,0.2,,,000021001,SMG,0.18,0.18,,,,,,미래 예지,특수,5,16,,,,,버프칸아군/자신,,,,,,,,,,"발동 시 적이 6기 이상일 경우 자신의 사속과 명중을 80% 상승시키고, 아닐 경우 화력을 90% 상승시킨다. 지속시간 3초; 3초 후 남은 적이 3기 이상일 경우 버프칸 위 아군 인형에게 보호막을 25 부여하고, 아닐 경우 자신과 함께 화력을 55% 상승시킨다, 지속시간 5초."
244,TEC-9,HG,3,,,83,28,63,46,63,15,0.2,,,110121010,ALL,,,,0.32,,,,기선제압N,야간버프,6,12,8,,,,적군,-0.4,,,,,,,,,"야간작전에서 적군 전체 화력을 40 감소시킨다. (주간 보정치 : 22%), 지속시간 8초(주간 보정치 :5초)."
245,P90,SMG,5,2:29:00,,190,30,83,15,93,12,0.05,,,100120100,AR,0.12,,0.3,,,,,다람쥐 소녀,특수,6,12,,,,,자신,,,,,,,,,,"잔상:회피 20% 상승 버프가 초당 1스택 씩 증가, 발동 후 4번 공격은 치명타로 필중.
패시브:패시브 쿨타임이 끝난 동안 체력을 5% 이상 잃을 시 잔상을 3초 적용, 쿨타임 6초.
액티브:잔상을 5초 적용하고 체력 3, 장갑 999의 분신을 편제 수 만큼 생성, 지속시간 3초."
247,K31,RF,4,4:15:00,,78,126,37,78,39,7,0.4,,,001021000,HG,,,,,,0.15,,비상사격,일반버프,6,8,5,,,,자신,,,-0.35,0.8,,,,,,"자신의 명중을 35% 감소시키는 대신, 사속을 80% 상승시킨다."
248,제리코,HG,4,0:49:00,,76,31,64,50,60,15,0.2,,,101121000,ALL,0.24,,0.5,,,,,핏빛 월식,특수,6,12,,,,,버프칸아군,,,,,,,,,,"액티브: 버프칸 위 아군 인형의 화력을 15% 상승시킨다, 지속시간 8초.
패시브: 버프칸 위 아군 인형이 장전할 때마다 화력과 명중을 5% 상승시킨다, 최대 3회 중첩 가능, 지속시간 15초."
249,62식,MG,3,,,169,87,28,31,122,4,0.05,9,,001001200,SG,,,0.18,,,,0.08,기습공격MG,일반버프,8,18,6,,,,자신,0.45,,0.65,,,,,,,"자신의 화력을 45%, 명중을 65% 상승시킨다."
250,HS2000,HG,5,,,72,33,87,61,62,15,0.2,,,111111020,ALL,,0.2,,0.3,,,,반격의 요새,특수,6,12,6,,,,아군,0.35,,0.35,,,,,,,"모든 아군에게 피해를 42점 흡수할 수 있는 보호막을 부여한다, 지속시간 6초; 3초 후 아직도 보호막이 남아있는 아군의 화력과 명중을 35% 상승시킨다, 지속시간 5초"
251,X95,SMG,5,,,194,34,67,13,90,12,0.05,,,120100100,AR,,,0.25,0.15,,,,꽃의 자물쇠,특수,4,8,5,,,3,적군,,,,,,,,,,"스킬 지속 시간 동안 남은 체력이 가장 적은 적을 우선 공격한다. 목표가 체력을 많이 잃었을 수록 주는 피해가 상승하며, 상승 배율은 목표가 잃은 체력 비율의 3배다. 지속시간 5초."
252,KSVK,RF,4,,,88,158,30,78,31,7,0.4,,,000210010,HG,,,,,,0.15,,진동 충격탄,특수저격,5,11,,1,,4,가장가까운타깃,,,,,,,,,,"스킬 쿨타임 종료 후 1초마다 1회, 최대 5회 충전한다.발동 시 1초간 조준 후, 충전 횟수에 따라 가장 가까운 목표에게 2~4배 피해를 주고, 목표 후방 반경 2 범위 안의 적에게 0.5배 피해를 주며 명중과 사속을 20% 감소시킨다, 지속시간 5초."
253,루이스,MG,5,,,190,102,31,31,116,4,0.05,10,,001201001,SG,,,0.1,,,,0.15,듀나미스,특수버프,8,18,6,,,,자신,0.75,,,,,,,,,"패시브: 재장전시 재장전시간 15% 감소, 발사수 1발 증가(최대 3중첩) 액티브: 지속시간 동안 자신의 화력 상승"
254,UKM-2000,MG,4,,,169,90,26,26,115,4,0.05,11,,201000001,SG,0.1,,0.15,,,,,백야의 독주곡,특수버프,8,18,8,,,,자신,,,0.8,,,,4,,,"야간작전에서 지속시간동안 명중 상승, 다음 재장전시간 30% 감소(주간 무효) 발사중인 탄띠에 탄 4발(2발) 추가(괄호 안의 수치는 주간작전에 사용시)"
255,스카웃,RF,3,,,90,114,35,78,35,7,0.4,,,001021000,HG,,,,,,0.12,,화력전개,일반버프,5,8,5,,,,자신,0.6,,,,,,,,,자신의 화력을 60% 상승시킨다. 지속시간 5초
256,팔콘,RF,3,,,88,140,28,71,32,7,0.4,,,000021001,HG,,,,,,0.12,,석양의 송골매,특수,6,1,,,,,,,,,,,,,,,"액티브: 특수 탄환을 1발 소모해 2초간 조준 후, 체력이 가장 많은 적에게 치명타가 가능한 2.5배 피해를 준다.
패시브 1: 전투 개시 6초 후 1발, 그 후 8초마다 특수 탄환 1발 획득, 최대 2발 보유 가능. 보유한 특수 탄환 1발당 화력과 명중 18% 상승.
일반 공격: 1초마다 제일 뒤에 있는 적에게 1.5배의 화력으로 사격. 2발 사격 후 탄알집 교체, 사속이 높을수록 빠르게 교체."
257,M200,RF,5,4:32:00,,88,145,31,96,34,7,0.4,,,000021001,HG,,,,,,0.18,,무언의 살의,특수,6,16,9,1.5,,2,가장먼타깃,-0.1,,,,,,,,,"액티브: 9초간 저격 모드가 되어 1.5초마다 가장 멀리있는 적에게 화력 2배의 피해를 주고, 표적의 화력을 3초간 10% 감소시킨다. (장갑 적용, 치명타 가능)
패시브: 일반공격이 장갑이 없는 적에게 1.05배의 피해를 준다."
258,마갈,AR,3,,,116,47,47,43,70,10,0.4,,,000020001,SMG,,0.12,0.5,,,,,강행돌파,일반버프,6,16,10,,,,자신,0.5,,,0.2,,,,,,"자신의 화력을 50%, 사속을 20% 상승시킨다. 지속시간 10초."
259,PM-9,SMG,5,,,220,28,85,13,102,,,,,120000100,AR,,,0.3,0.15,,,,,특수버프,6,8,5,,,,자신,-0.3,1,-0.3,,,,,,,"자신의 회피가 100% 상승하고, 화력과 명중이 30% 감소한다, 동시에 1회 공격이 2회 피해를 입힌다, 지속시간 5초"
260,PA-15,HG,5,1:15:00,,70,35,76,65,64,15,0.2,,,121111010,ALL,,,0.5,0.3,,,,짜릿한 한방!,특수기절,6,12,2,,2.5,2,최고체력,,,,,,,,,,"체력이 가장 많은 적을 3초로 기절시키고 4배의 피해를 준다. 목표에서 가로 거리 2.5 이내에 다른 적이 있을 경우, 2.5범위 안의 적을 추가로 2초 기절시키고 2배의 피해를 준다. (장갑 적용, 치명타 가능)"
261,QBU-88,RF,5,4:48:00,,84,126,41,87,42,7,0.4,,,110010210,HG,,,,,,0.18,,충격작렬탄,특수,4,12,,1,,5,최고체력,,,,,,,,,,"액티브: 스킬 쿨타임 종료 후 1초마다 1회, 최대 4회 충전한다. 발동 시 1초간 조준 후, 충전 횟수에 따라 체력이 가장 높은 목표에게 2.5~5배 피해를 주고 충전을 해제한다. 동시에 목표 주위 1.5 범위 안의 적에게 1.5배 폭발 피해를 준다.
패시브: 같은 대상에게 연속 2회 공격 후, 다음 공격은 매우 좁은 범위에 1.5배 폭발 피해를 준다."
262,EM-2,AR,4,3:35:00,,119,57,48,48,61,10,0.2,,,001020001,SMG,0.2,,0.55,,,,,크래커 슛,특수,6,16,,,,3.5,랜덤타깃,,,,,,,,,,"빠른 3연속 사격으로 무작위 적에게 3.5배의 피해를 준다. (장갑 적용, 치명타 가능)"
263,MG36,MG,5,6:36:00,,182,85,36,34,129,4,0.05,10,,001211000,"SMG,AR,SG",0.1,,0.15,,,,,빛의 장막,특수버프,8,18,6,,,,"자신,아군",,,,,,,,0.25,,"액티브: 자신의 화력을 55% 상승시킨다, 지속시간 6초. 동시에 버프칸에 위치한 아군 인형의 병종ㅇ 따라 추가로 이하 버프를 받는다. 
[AR: 명중 25% 상승, 지속시간 6초] [SMG: 다음 재장전 시간 25% 단축.] [SG: 장탄량 1발 추가.] 한 가지마다 3회 중첩 가능.
패시브: 자신이 재장전 중일 때 버프칸에 위치한 아군 인형이 받는 피해량을 20% 감소시킨다."
264,쇼샤,MG,4,6:25:00,,174,102,30,34,81,4,0.05,9,,201001000,SG,,,,0.12,,,0.12,백합 문양,특수버프,6,2,,,,,자신,,,,,,,,0.2,,"패시브: 전투 시작 시 백합 문양을 1개 보유하며, 4초마다 1개씩 획득한다. 최대 4개 보유 가능.
액티브: 백합 문양을 1개 소비하여 다음 재장전 시간을 20% 단축시킨다. 최대 2회 중첩 가능."
265,HK33,AR,3,,,105,49,46,51,73,7,0.2,,,001020001,SMG,0.1,0.1,,,,,,고속사격T,일반버프,4,16,10,,,,자신,,,,0.6,,,,,,자신의 사속을 60% 상승시킨다. 지속시간 10초
266,R93,RF,5,,,81,133,34,97,39,7,0.4,,,001021001,HG,,,,,,0.18,,럭키 트리거,특수버프,6,8,5,,,,자신,0.4,,,,,,,,,"패시브: 공격한 표적을 3초 안에 다시 공격 시 사속이 10% 상승한다, 지속시간 3초, 최대 3회 중첩 가능, 표적을 바꿀 시 즉시 해제.
액티브: 자신의 화력을 40% 상승시킨다, 지속시간 5초. 발동 시 공격 대상을 가장 멀리 있는 적으로 고정한다. 지속 시간 동안 공격할 때마다 패시브가 발동하여 표적이 변해도 해제되지 않는다."
267,MP41,SMG,3,,,194,30,60,13,77,12,0.05,,,000120100,AR,0.12,0.1,,,,,,연막탄,일반버프,1,16,4,,2.5,,적군,,,,-0.36,,-0.5,,,,"연막탄을 투척하여 반경 2.5범위 내의 적들의 공격속도를 36%, 이동속도를 50% 감소시킨다. 지속시간 4초"
268,T-CMS,RF,3,,,88,120,27,75,37,7,0.4,,,001020001,HG,,,,,,0.12,,화력전개,일반버프,5,8,5,,,,자신,0.6,,,,,,,,,자신의 화력을 60% 상승시킨다. 지속시간 5초
269,P30,HG,4,0:50:00,,70,32,85,62,55,15,0.2,,,121101000,ALL,0.18,,0.6,,,,,바바 야가,특수버프,3,3,,,,,아군,,,,,0.1,0.6,,,,"스킬을 발동할 때마다 두 가지 상태 사이에서 전환한다. (버프를 받을 시 발동하는 패시브를 발동시키지 않는다.)
복수의 시간(기본): 아군 전체의 사속을 10% 상승시킨다.
추격의 시간: 아군 전체의 이동속도를 60% 상승시킨다."
270,4식,RF,4,4:04:00,,105,112,37,74,39,7,0.4,,,011021001,HG,,,,,,0.15,,데드라인,특수버프,6,8,5,,,,자신,,,,0.55,,,,,,"액티브: 자신의 사속을 55% 상승시킨다. 지속시간 5초.
패시브: 2회 공격 후, 다음 공격 시 관통 효과를 가진 필중의 일격으로 관통한 적과 목표에게 1배의 피해를 준다."
271,K3,MG,3,,,165,78,35,30,134,4,0.05,9,,000201001,MG,,,0.1,,,,0.1,준비만전,일반버프,8,18,8,,,,자신,0.3,,,,,,3,,,"8초 동안 자신의 화력을 30% 상승시키며, 사격 중 장탄수를 3발 추가한다."
272,데저트 이글,HG,5,,,73,41,66,57,55,15,0.4,,,211110100,ALL,0.3,,,,0.2,,,위협 마크,특수,6,12,8,,,,자신,,,,,,,,,,"액티브: 자신의 사속이 40% 상승한다. 지속시간 8초. 또한 체력과 보호막의 합이 가장 큰 적 3기에게 표식을 부여하여, 받는 피해량을 10% 상승시킨다. 자신은 표식된 적을 우선으로 공격하며, 공격할 때마다 주는 피해량이 0.6배씩 최대 3회 상승한다.
패시브: 공격이 보호막을 관통하며, 체력과 보호막에 같은 피해를 준다."
273,SSG3000,RF,4,,,88,126,30,77,37,7,0.4,,,001021000,HG,,,,,,0.15,,조용한 사냥꾼,특수,6,16,9,,,,가장 먼 타깃,,,,,,,,,,"액티브: 9초간 저격 모드가 되어 1.5초마다 가장 멀리있는 적에게 화력 1.8배의 피해를 주고, 표적의 화력을 3초간 15% 감소시킨다. (장갑 적용, 치명타 가능)"
274,ACR,AR,5,,,116,54,48,54,77,10,0.3,,,001001021,SMG,,,0.65,0.25,,,,그림자 교살곡,특수,6,8,5,,,,자신,,,,,,,,,,"액티브: 자신의 사속이 50% 상승한다. 지속시간 5초. 지속시간 동안, 공격 대상의 화력을 3초간 20% 감소시킨다.
패시브: 디버프 효과를 지닌 적에게 더 큰 피해를 입힌다. 디버프를 한가지만 가졌을 경우 10%, 한가지 많을수록 5%씩 가산되어 증가한다.
대응하는 디버프: 화력 감소, 사속 감소, 명중 감소, 회피 감소, 장갑 감소, 이동속도 감소, 불 붙음, 기절"
275,M1895CB,MG,4,,,190,90,23,26,131,4,0.05,10,,000201001,SG,,,0.1,,,,0.12,유비무환,특수,3,5,,,,,자신,,,,,,,,,,"액티브: 스킬 발동 시 예비 탄띠를 사용하기 시작한다. 사격마다 예비 탄띠를 1발 소모하며, 화력이 20% 상승하지만 5초간 명중이 15%씩 최대 10회 중첩하여 감소한다. 예비 탄띠는 남은 장탄을 소진한 후 사용하며, 스킬 버튼을 다시 누르면 해제한다.
패시브: 전투 개시 시 예비 탄띠를 30발 소지하며, 장전 중이 아닐 때 3초마다 예비 탄띠가 1발 증가한다."
276,Kord,MG,5,,,198,109,21,22,110,4,0.05,9,,001201000,SG,0.15,,,,,,0.15,고압 충격,특수,0,3,,,,,자신,,,,,,,,,,"스킬을 발동할 때마다 두 상태 사이에서 전환한다.
관통 모드(기본): 사격이 관통 효과를 지니며, 화력이 30% 관통이 50% 감소한다.
강타 모드: 자신의 화력과 명중이 20% 상승한다."
277,VP70,HG,3,,,66,31,75,54,60,15,0.2,,,110020110,ALL,,,0.5,0.2,,,,기선제압,일반버프,6,12,8,,,,적군,-0.25,,,,,,,,,적군 전체 화력을 25% 감소시킨다. 지속시간 8초
278,Six12,SG,3,,,242,34,13,13,30,6,0.4,4,20,000102100,MG,0.1,,0.2,,,,,진형붕괴,넉백,8,16,,,3,2,적군,,,,,,,,,,"화력 2배의 피해를 주는 추가탄을 발사하고, 거리 3칸 만큼 적을 밀어낸다."
279,INSAS,AR,3,,,110,49,45,52,71,10,0.2,,,001021000,SMG,0.1,0.1,,,,,,기습공격,일반버프,5,5,8,,,,자신,0.35,,1,,,,,,,"자신의 화력을 35%, 명중을 100% 상승시킨다."
280,MAT-49,SMG,4,,,185,29,73,14,80,12,0.05,,,100000120,AR,0.2,,,,0.2,,,벼락치기,특수,6,8,5,,,,자신,,,,,,,,,,"현재 적의 수에 따라 5초 간 회피(1스택당 30%), 화력(1스택당 45%) 버프를 얻는다. 적이 n기 있을 경우, (4-n)스택 화력 버프와 (n-1)스택 회피 버프를 얻는다. 회피 버프는 최대 6스택 얻을 수 있다."
281,CAWS,SG,5,8:15:00,O,247,30,13,12,35,6,0.4,5,23,000102100,MG,0.18,,0.12,,,,,복수의 업화,특수,8,16,,,,,적군,,,,,,,,,,"패시브: 보호막을 지니고 있을 시, 일반 공격을 멈추고 1.5초마다 1회, 최대 3회 충전한다. 완전히 충전되거나 보호막이 사라질 때 모든 충전 횟수를 소모해 특수 공격을 한다.
충전 1회: 자신 전방 3 범위 안 적에게 5.5배 피해.
충전 2회: 자신 전방 5 범위 안 적에게 추가로 5.5배 피해.
충전 3회: 자신 전방 8 범위 안 적에게 추가로 5.5배 피해.
액티브: 보호막을 40 생성한다, 지속시간 5초."
282,DP-12,SG,5,8:13:00,O,253,31,13,13,30,6,6,5,23,100102000,"MG, RF",0.15,,0.15,,,,,민속 괴담,특수,3,16,,,,,자신+적군,,,,,,,,,,"액티브: 즉시 재장전하여 특수탄을 3발 추가한다. 그 후 특수탄을 우선 소모하여 목표에게 1배 피해를 2차례 입힌다. (슬러그와 중첩 불가능)
패시브: 재장전할 때마다 자신에게 보호막을 40 부여한다, 지속시간 5초. 그와 동시에 자신과 자신 뒤에 있는 아군이 받는 피해량을 25% 감소시킨다, 지속시간 5초."
283,리버레이터,SG,4,7:45:00,O,231,36,15,12,30,6,0.4,4,21,102000100,MG,0.1,,0.25,,,,,심판의 충격,특수,8,16,8,,,,적군,,,,,,,,,,"스킬 지속 기간, 일반 공격이 목표에게 0.5배 피해를 4차례 입힌다, 지속시간 8초."
284,Zas M76,RF,3,,,84,110,35,78,37,7,0.4,,,000021001,HG,,,,,,0.12,,고속사격,일반버프,6,8,5,,,,자신,,,,0.6,,,,,,자신의 사속을 60% 상승시킨다. 지속시간 5초
285,C-93,HG,5,1:09:00,,63,33,98,62,64,15,0.2,,,100110211,ALL,0.24,,0.6,,,,,청나비의 유언,특수,5,12,,,,,아군,,,,,,,,,,"패시브: 전투 시작 시 나비를 3마리 얻는다. 아군 인형이 능력치 감소 디버프를 받을 시, 해당 인형의 사속을 4초간 8% 상승시킨다, 중첩 불가능하며 다른 인형의 패시브를 발동하지 않는다. 자신이 디버프 효과를 받을 경우 추가로 나비를 1마리 얻는다. 나비는 최대 6마리 보유할 수 있다.
액티브: 아군 전체의 화력을 18% 상승시킨다, 지속시간 8초. 동시에 자신의 모든 나비를 소모하여 1마리당 아군 1명의 사속을 8% 상승시킨다, 지속시간 4초, 최대 2회 중첩 가능하며 피해량 기여도가 높은 순으로 부여한다. 스킬 시전이 끝나면 나비를 다시 3마리 보충한다."
286,KAC-PDW,SMG,4,2:20:00,,180,33,71,14,81,12,0.05,,,100120000,AR,0.15,,0.3,,,,,D-가드,특수,6,8,,,,,자신,,,,,,,,,,"자신이 받은 디버프 효과를 전부 해제하고 100% 왜곡방벽을 1초간 생성한다. 왜곡방벽이 사라진 후 자신의 회피를 60% 상승시킨다, 지속시간 5초."
287,SIG-556,AR,5,3:56:00,,121,51,45,46,76,10,0.2,,,001021000,SMG,,0.15,,0.12,,,,전장의 힙스터,특수,5,4,,,,,자신,,,,,,,,,,"자신의 사속을 극한까지 상승시키고 화력을 60% 상승시킨다. 스킬 버튼을 다시 터치 시 해제한다. 자신은 2초간 기절하며 스킬이 해제된다. (기절 시 제대는 전진할 수 없다.)
스킬 해제 시 사격마다 과부하가 1스택 감소한다."
288,CR-21,AR,4,3:35:00,,110,48,43,52,81,10,0.2,,,001021000,SMG,,0.12,0.5,,,,,근육 불끈,특수버프,5,8,5,,,,자신,0.6,,,,,,,,,"자신의 화력을 60% 상승시키고, 화력이 가장 높은 적을 우선으로 공격한다, 지속시간 5초."
289,R5,AR,5,,,124,55,43,54,76,10,0.2,,,001020001,SMG,,0.15,,0.12,,,,화력전개T,일반버프,4,16,10,,,,자신,0.75,,,,,,,,,자신의 화력을 75% 상승시킨다. 지속시간 10초
290,89식 소총,AR,5,4:08:00,,121,54,45,48,79,10,0.2,,,001021001,SMG,0.2,0.15,,,,,,수능의 정석,특수,3,4,,,,,자신,,,,,,,,,,"복습 모드: 공격할 때마다 집중도가 1 상승하며, 18 도달 시 자동으로 만점 모드가 된다. 복습 모드에서 스킬 발동 시 집중도를 6 소모하여 자신의 화력을 30%, 사속을 30% 상승시킨다, 지속시간 4초. 집중도가 6 미만일 경우 모두 소모해 발동한다.
만점 모드: 공격할 때마다 집중도를 1 소모하며, 소진 시 자동으로 복습 모드가 된다. 만점 모드에선 체력이 가장 높은 적을 우선 공격하며, 같은 적을 공격할 때마다 주는 피해량이 10%씩, 최대 3회 상승한다.만점 모드에서 스킬 발동 시 자신의 화력을 30%, 사속을 60%, 명중을 60% 상승시키지만, 자신이 받는 피해량이 30% 상승하며, 이동속도가 30% 감소한다, 지속시간 6초."
291,43M,SMG,3,,,185,30,56,13,89,12,0.05,,,100020100,AR,0.12,0.1,,,,,,회피기동,일반버프,6,8,5,,,,자신,,1.2,,,,,,,,자신의 회피를 120% 상승시킨다. 지속시간 5초
292,RPK-16,MG,5,6:16:00,,165,85,36,37,129,4,0.05,10,,201111100,"AR, SMG, SG",0.12,,,,,,0.18,교활한 은여우,특수,8,18,,,,,자신,,,,,,,,,,"패시브: 장탄 소진 시 자동으로 AR 모드가 되어, 사속이 40% 감소하고, 명중이 100% 상승하며, 이동속도가 150% 상승한다.
액티브: 1초 간 재장전 후 MG모드로 전환. AR모드의 능력치 변화를 해제하고, 자신의 화력을 40% 상승시킨다, 지속시간 5초."
293,AK-15,AR,5,4:15:00,,110,58,51,52,77,10,0.2,,,001021001,SMG,0.25,,0.65,,,,,맹견의 눈,특수,6,8,,,,,자신,,,,,,,,,,"패시브: 공격 시 15% 확률로 발동하여, 3초 동안 일반 공격 시 추가로 40% 피해를 준다.
액티브: 감시 모드를 활성화하여, 감시하는 유닛을 공격 시 화력, 명중 및 치명률이 40% 상승하며, 감시하는 유닛에게 공격받을 시 회피가 40% 상승한다. 감시 모드 지속시간 6초.
스킬 지속 기간 2초마다 부하가 5스택 쌓이며, 감시하는 유닛 1기마다 2초당 부하가 1스택 쌓인다. 24스택까지 쌓일 시 과부하를 해제하고 5초간 사속과 명중이 20% 감소하고, 이 동안 액티브 스킬을 다시 발동할 수 없다."
294,웨블리 리볼버,HG,5,,,86,29,81,66,57,15,0.2,,,100110121,ALL,0.16,,,0.2,,,,연계호령,특수,6,12,,,,,아군,,,,,,,,,,"자신이 리더가 아닐 경우, 리더의 화력과 사속을 22% 상승시킨다, 지속시간 8초. 동시에 리더의 남은 쿨타임을 25% 단축시킨다.
자신이 리더이거나 리더가 없을 경우, 아군 전체 화력을 25% 상승시킨다, 지속시간 8초."
295,CF05,SMG,4,,,190,26,73,13,87,12,0.05,,,120100100,AR,0.2,,0.25,,,,,패티 배리어,특수,5,16,6,,,,자신,,,,,,,,,,"스킬 지속 기간, 받는 피해량이 15점 감소한다, 지속시간 6초."
296,SL8,RF,5,,,85,120,39,78,41,7,0.4,,,100111200,ALL,0.1,0.18,,,,,,수평선의 파도,특수,5,8,5,,,,자신,,,,,,,,,,"자신의 사속을 60% 상승시키고, 자신 버프칸 위의 아군 인형 병종 수에 따라 추가 버프를 받는다. 병종 1가지마다 자신의 화력을 5% 상승시킨다, 최대 3회 중첩 가능, 지속시간 5초."
297,M82,AR,4,,,113,51,46,45,75,10,0.2,,,001021000,SMG,,0.12,0.5,,,,,강행돌파,일반버프,6,16,5,,,,자신,0.75,,,0.25,,,,,,"자신의 화력을 75%, 사속을 25% 상승시킨다. 지속시간 5초"
298,Vepr,AR,3,,,110,48,47,49,71,10,0.2,,,010020010,AR,0.16,,,,,,,선혈의 파도,일반버프,6,16,5,,,,버프칸아군,0.22,,0.22,0.22,,,,,,"발동 시 자신 버프 칸 위의 아군 인형의 화력, 사속, 명중을 22% 상승시킨다, 지속시간 5초."
299,HS10,SG,3,,,247,34,12,13,27,6,0.4,4,21,100002100,MG,0.15,,,,,,,생존본능,일반버프,10,16,6,,,,자신,,0.5,,,,,,,0.45,"발동 시 자신 버프 칸 위의 아군 인형의 화력, 사속, 명중을 22% 상승시킨다, 지속시간 5초."
300,CAR,MG,3,,,165,93,29,32,112,4,0.05,8,,001200001,SG,,,0.12,0.1,,,,화력전개MG,일반버프,8,18,6,,,,자신,0.65,,,,,,,,,자신의 화력을 65% 상승시킨다. 지속시간 6초
301,MAS-38,SMG,3,,,190,26,72,13,83,12,0.05,,,100000120,AR,0.18,,,,0.2,,,신속처분,일반버프,6,8,5,,,,자신,1.5,0.4,,,,,,,,"자신의 화력을 150%, 회피를 40% 상승시킨다. 지속시간 5초"
302,콜트 디펜더,SG,4,,,247,38,17,13,27,6,0.4,8,18,101112000,"MG, SG",0.1,,,,,,0.1,탄환의 꽃,특수,0,0,,,,,자신,,,,,,,,,,"공격할 때마다 모든 장탄을 소모해, 가장 가까운 적 하나에게 8회 피해를 준다. 적과 가까울수록 큰 피해를 주며 최대 2.5배 피해를 준다.(넉백 판정은 단 1회, 슬러그탄과 중첩하지 않음.) 그리고 재장전 시간이 2초로 단축된다."
303,HP-35,HG,5,1:35:00,,76,31,89,64,58,15,0.2,,,010111121,ALL,0.3,0.2,,,,,,폭주반주,특수,6,12,,,,,적군,,,,,,,,,,"패시브: 야간전 또는 디버프 효과를 받고 있는 적이 받는 피해량을 8% 증폭시킨다. 그리고 야간전 또는 디버프 효과를 받고 있는 아군이 받는 피해량을 15% 차감시킨다.
액티브: 모든 적이 받는 피해량을 18% 증폭시킨다, 지속시간 6초."
304,SAF,SMG,4,2:10:00,,180,25,69,14,99,12,0.05,,,120100000,AR,0.22,,,,,,,충격파 폭탄,특수광역피해,4,8,,,2.5,3,적군,,,,,,,,,,"자신 정면 거리 5 지점에 수류탄을 투척하여 반경 2.5 범위 안의 적에게 3배 피해를 주고, 그중 공격 또는 스킬 시전 중이 아닌 적을 특정 방향으로 밀어낸다.
자신이 중간 줄에 위치: 적을 위아래로 밀어낸다.
자신이 위아래 줄에 위치: 적을 중앙으로 밀어낸다."
305,타부크 저격소총,RF,4,4:25:00,,84,115,36,81,39,7,0.4,,,010020010,HG,,,,,,0.15,,대칭성 조절,특수버프,5,8,5,,,,자신,0.55,,,,,,,,,"자신의 화력을 55% 상승시킨다, 지속시간 5초. 지속시간 동안 자신과 거리가 5 이내인 적이 존재할 경우 그 적을 우선 공격하며 화력이 추가로 10% 상승한다."
306,AK-Alfa,AR,5,3:56:00,,116,56,52,53,75,10,0.2,,,010211000,"AR, SMG",0.2,0.15,,,,,,블레이자,특수,5,8,5,,,,자신,,,,,,,,,,"액티브: 자신의 화력을 65% 상승시킨다, 지속시간 5초. 지속시간 동안 자신 바로 정면에 있는 적을 우선으로 공격한다.
패시브: 자신 바로 정면에 있는 적을 공격할 때 화력이 20% 상승한다."
307,ZB-26,MG,5,6:26:00,,182,100,31,30,116,4,0.05,9,,001211000,SG,,,,0.15,,,0.15,퍼펙트 체인,특수,8,18,,,,,자신+기관총,,,,,,,,,,"액티브: 즉시 재장전을 하여 특수탄약을 8발 추가한다. 특수탄약을 소모할 때 화력과 명중이 50% 상승한다.
패시브: 자신이 재장전을 마칠 때마다 다른 기관총 인형에게 장탄을 1발 추가한다. 일반 재장전이 끝날 때마다 다음 재장전 시간이 20%씩, 최대 60%까지 감소한다."
308,C14,RF,3,,,93,128,29,77,32,7,0.4,,,000021001,HG,,,,,,0.12,,고속사격,일반버프,6,8,5,,,,자신,,,,0.6,,,,,,자신의 사속을 60% 상승시킨다. 지속시간 5초
309,Wkp,HG,3,,,80,41,65,49,44,15,0.2,,,010011020,ALL,0.2,,0.5,,,,,흑야의 불꽃,특수,3,16,,,,,적군,,,,,,,,,,"패시브: 공격한 대상 주위 매우 좁은 범위에 추가로 편제당 0.2배 피해를 준다.
액티브: 야간전에서 발동해 5초 동안 자신이 공격하지 않은 적을 우선으로 공격하며, 피해를 입힌 적의 회피를 90% 감소시킨다. 중첩 불가능, 지속시간 3초."
310,Rex Zero 1,HG,4,0:54:00,,70,31,74,56,61,15,0.2,,,121111000,ALL,0.24,,0.5,,,,,교차지원,특수,6,12,,,,,아군,,,,,,,,,,"리더로 배치한 인형에게 보호막을 32 부여하고, 기타 인형의 화력을 22% 상승시킨다, 지속시간 8초."
311,Lusa,SMG,5,,,205,29,69,13,94,12,0.05,,,120100100,"AR, RF",0.18,,,,0.25,,,전술적 도발,특수,4,16,,,,,자신,,,,,,,,,,"패시브: 최대 체력의 20%를 손실할 때마다 보호막을 20 생성한다.
액티브: 자신이 받는 피해량을 20% 차감하고, 지속시간 동안 자신에게 도발효과를 부여한다, 지속시간 8초.
도발: 이 효과를 지닌 유닛이 적의 공격 범위 안에 있을 경우 일반 공격의 우선 대상이 된다."
312,VSK-94,RF,5,4:43:00,,88,133,32,79,38,7,0.4,,,000020011,HG,,,,,,0.18,,이중 경계,특수,5,8,,,,,자신,,,,,,,,,,"스킬 발동 시 자신 명중의 20% 수치를 화력에 가산한다, 지속시간 5초. 스킬 발동 후 다음 3회 공격은 2회씩 피해를 준다."
313,S-ACR,AR,5,4:08:00,,124,46,42,45,91,10,0.2,,,001001021,SMG,0.2,0.15,,,,,,서광 찬송가,특수,6,8,,,,,자신,,,,,,,,,,"패시브: 자신이 받고 있는 능력치 감소 디버프 종류 1가지마다 최종 피해량이 5% 상승한다. 여러 디버프를 받을 때 이 효과는 가산으로 중첩된다.
액티브: 집중 상태로 전환하여 자신의 사속을 20%, 이동속도를 30%, 회피를 30% 감소시키는 대신, 자신의 화력을 35%, 명중을 60%, 치명타 피해를 50% 상승시킨다, 지속시간 5초."
314,StG-940,AR,3,,,110,50,44,49,69,10,0.2,,,001020001,SMG,,0.15,,,,,,전력전개,일반버프,6,8,5,,,,자신,0.15,,0.8,0.3,,,,,,"자신의 화력을 15%, 사속을 30%, 그리고 명중을 80% 상승시킨다, 지속시간 5초."
315,AUG Para,SMG,5,,,185,29,83,15,88,12,0.05,,,100120100,AR,0.15,,0.25,,,,,사고전환,특수,1,1,,,,,자신,,,,,,,,,,"스킬을 터치해 상태를 전환할 수 있다.
·0.1초마다 자신 회피 수치를 화력과 명중으로 변환한다. 회피를 1 감소해 화력을 2, 명중을 1 상승시키며, 회피가 75 미만일 경우 멈춘다.
·0.1초마다 자신 화력과 명중 수치를 회피로 변환한다. 화력과 명중을 각각 1 감소해 회피를 4 상승시키며, 화력이 35 미만 또는 명중이 23 미만일 경우 멈춘다.
이 변동 수치는 다른 증감효과 계산 후 마지막으로 가산하며, 이미 전환한 수치는 기타 버프 해제로 인해 사라지지 않는다. 상태를 전환한 후 먼저 변환된 수치를 환원한다."
316,류 소총,RF,5,,,80,139,30,88,40,7,0.4,,,010021010,HG,,,,,,0.18,,공동전선,특수,1,1,,,,,자신,,,,,,,,,,"패시브: 전투 개시 시, 3편제 지원인형을 3기를 증원으로 소환한다. 지원 인형은 아군 진형 후방에 도착하면 공격을 개시하며, 류 소총의 화력 35%, 사속 60%, 명중 40%를 물려받고, 편제당 체력을 5 지니며, 기타 능력치 및 공격 방식은 류 소총을 따라간다.
액티브: 스킬을 터치해 상태를 전환한다.
일반모드(기본): 사속이 10% 감소하는 대신, 화력이 20% 상승한다. 가장 멀리 있는 적을 우선으로 공격한다.
자동모드: 화력이 10% 감소하는 대신, 사속이 20% 상승한다. 가장 가까운 적을 우선 공격한다."
317,몬드라곤 M1908,RF,4,,,84,112,34,74,41,7,0.4,,,010020010,RF,0.18,,,,,,,필승의 신념,특수,5,16,,,,,자신+버프칸아군,,,,,,,,,,"패시브: 자신이 제대 리더일 경우, 전투 중 자신의 사속을 35% 감소시키는 대신, 기타 소총 인형의 치명률을 20%, 치명타 피해를 10% 상승시킨다.
액티브: 스킬 발동 시 자신 버프칸 위 아군 인형의 화력을 15%, 사속을 12% 상승시킨다, 지속시간 5초."
318,VHS,AR,5,,,116,57,47,54,78,10,0.2,,,001021001,SMG,,0.18,0.3,,,,,해석 침투,특수,5,8,,,,,적군,,,,,,,,,,"패시브: 1초마다 해석도를 1스택 얻어, 스택당 자신의 최종 피해량을 2.5% 상승시킨다, 최대 10중첩.
액티브: 모든 해석도를 소모하고, 적군에서 가장 높은 화력/명중/사속 수치를 자신에게 가산한다. 단 이 효과로 화력은 최대 45%, 명중은 최대 80%,사속은 최대 40%까지만 상승한다, 지속시간 6초, 지속시간 동안 해석도를 얻을 수 없다."
319,PM1910,MG,4,,,190,90,25,27,104,4,0.05,10,,210011000,SG,0.1,,,,,,0.15,살기 발산,특수,3,18,,,,,자신+버프칸아군,,,,,,,,,,"패시브: 재장전하는 동안 버프칸 위 아군의 회피가 20% 상승하고, 기타 위치 아군의 화력이 10% 상승한다.
액티브: 현재 장탄수를 12발 추가한다. 추가 탄환을 소모하는 동안 자신의 명중을 80% 상승시키지만, 다음 재장전 시간이 4초 연장된다."
320,GM6 Lynx,RF,3,,,84,135,30,75,33,7,0.4,,,001021000,HG,,,,,,0.12,,삼중저격,특수,5,11,,,,,자신,,,,,,,,,,"스킬 쿨타임 종료 후 0.5초마다 1회, 최대 5회 충전한다. 스킬 발동 시 0.5초씩 3번 조준 후, 충전 횟수에 따라 현재 목표에게 1.7~3.2배 피해를 주고 충전을 해제한다."
321,TS12,SG,3,,,242,34,11,13,30,6,0.4,3,21,000102100,MG,0.15,,,,,,,회전탄창,특수,5,16,,,,,자신,,,,,,,,,,"스킬 발동 후 다음 2번 재장전은 즉시 완료되며, 첫번째 탄창을 사용한 공격은 화력이 90% 상승하고, 두번째 탄창을 사용한 공격은 명중이 150% 상승한다."
322,QSB-91,HG,3,,,70,36,72,58,53,15,0.2,,,110120110,ALL,0.32,,,,,,,샤프 어택,특수,4,12,,,,,적군,,,,,,,,,,"패시브: 자신 가까이에 적 유닛이 존재할 경우, 공격 시 비수로 가장 가까운 유닛에게 4연속 0.25배 필중 피해를 준다.
액티브: 현재 목표에게 연속으로 4번 사격하여, 보호막을 무시하고 각각 6배 필중 피해를 준다. 사격 간격은 1초."
323,LTLX7000,SG,5,8:17:00,O,275,23,11,14,28,6,0.4,5,25,110112110,MG,0.1,,0.15,,,,,이물배척,특수,5,16,,,,,적군,,,,,,,,,,"패시브: 자신 정면의 적 유닛이 자신에게 주는 피해량이 20% 감소한다
액티브: 피해가 없는 공격을 하여, 자신 정면 부채꼴 범위(중심각 150도, 반경 6) 안의 이동 가능한 적을 강제로 5만큼 밀어내고, 보호막과 버프 효과를 강제로 해제한다. 밀어낸 적 하나마다 자신의 장갑이 20%씩, 최대 5회 상승하며, 대신 화력이 0% 감소한다, 지속시간 8초."
324,M6 ASW,SG,5,8:08:00,O,260,39,14,15,28,6,0.4,4,22,110100112,MG,0.18,,0.12,,,,,혈화적성,특수,5,20,,,,,자신,,,,,,,,,,"패시브: 잔탄 소진 시 자동으로 RF 모드로 전환한다. 또한 매전투 첫 공격은 모든 잔탄을 소모해 4단 피해를 준다.
RF 모드: 가장 멀리 있는 적을 우선 공격하며, 회피가 10% 감소하고, 사속 및 화력이 100%, 명중이 200% 상승하고, 관통을 100 얻는다.
액티브: 2초간 재장전 후 RF 모드의 효과를 해제하고 SG 모드로 전환한다. 전환 시 자신에게 보호막을 75 부여한다, 지속시간 5초. 또한 SG 모드 기간 자신에게 도발 효과를 부여한다. (슬러그탄 효과는 SG 모드 때만 적용된다.)"
325,V-PM5,SG,4,7:11:00,O,238,34,15,12,29,6,0.4,5,20,100012110,MG,0.18,,,,,,,생존우선,특수,8,16,,,,,자신,,,,,,,,,,"패시브: 이동 시 이동속도가 9 상승하며, 9초에 걸처 감쇠한다.
액티브: 스킬 발동 시 자신의 장갑 수치의 0.8배만큼 회피를 상승시킨다, 지속시산 4초."
326,HK512,SG,4,7:56:00,O,256,37,13,15,31,6,0.4,3,20,101112101,"MG, SG",0.1,,,,,,0.1,열정의 차원,특수,6,16,,,,,아군,,,,,,,,,,"패시브: 재장전 시, 자신을 포함한 같은 열의 산탄총 인형의 남은 스킬 쿨타임을 20% 단축 시킨다.
액티브: 스킬 발동 시 제대에 존재하는 산탄총 인형 하나당, 자신의 장갑과 회피를 20% 상승시킨다, 지속시간 6초."
327,SUB-2000,SMG,3,,,194,26,66,13,84,12,0.05,,,121111111,ALL,0.2,,0.2,,0.1,,,그리폰 집결!,특수,5,12,,,,,아군,,,,,,,,,,"현재 존재하는 아군 2,3성 인형 하나마다 2,3성 인형의 화력, 명중, 회피 및 장갑을 5%씩 상승시킨다, 지속시간 8초. 2/3성 인형이 많을수록 효과가 중첩되며 최대 상승치는 25%."
1001,노엘,HG,1,,,60,39,82,60,65,15,0.2,,,111020111,ALL,,0.2,,0.3,,,,영총 펜릴,근점,6,12,,,,1.2,적군,,,,,,,,,,"적을 향해 필살기를 사용하여, 일정 범위 내의 적들에게 1.2배의 피해를 총 8회 입힌다."
1002,엘펠트,SG,1,,,275,36,9,13,28,6,0.4,5,23,100002100,MG,0.15,,0.15,,,,,제누와즈,광역피해,10,16,,,1.5,12,적군,,,,,,,,,,"표적에게 화력 8배의 피해를 입힌 뒤, 미사일을 바사하여 표적 주위 1.5범위 내의 적들에게 12배의 피해를 입힌다."
1009,클리어,HG,1,,,66,31,88,62,61,15,0.2,,,110120110,ALL,,,0.5,0.3,,,,조금 더 완벽하게,특수버프,6,8,3,,,,랜덤아군,0.3,,0.4,,,,,,,"공격을 멈추고 다섯 차례 연주한다, 매 연주는 무작위 아군 하나의 화력과 명중을 30%(Glory Light 장착시 40%) 상승시킨다, 중첩 불가, 연주당 지속시간 각 3초"
1010,페일,HG,1,,,66,31,88,62,61,15,0.2,,,011021011,ALL,0.3,,0.5,,,,,서두르지 마,특수버프,6,8,3,,,,랜덤적군,,,-0.15,-0.12,,,,,,"공격을 멈추고 다섯 차례 연주한다, 매 연주는 무작위 적군 셋의 사속과 명중을 12%(Black Cat 장착시 15%) 감소시킨다, 2회 중첩 가능, 연주당 지속시간 각 3초."
1017,질 스팅레이,HG,1,,,80,30,96,53,55,15,0.2,,,111121111,ALL,0.4,,0.4,,,,,믹스타임,특수버프,3,16,,,,,아군,,,,,,,,,,"발동 시 3초 동안 음료를 섞는다. 장착중인 장비에 따라 다른 음료가 완성되어 해당 버프효과를 제공한다. 질은 공격이 불가능하며 기본 화력 1마다 스킬 쿨타임이 1%씩, 최대 30% 감소한다. (초기 쿨타임 제외)
A아델하이드 F프래너자이드 K카모트린 B브론순 추출액 D델타가루
FBK 큰맥주
SG의 장갑이 20%, 화력과 명중이 30% 상승, 지속 8초.
AAD 브랜티니
MG의 화력과 명중이 25% 상승, 지속 8초.
ABK 피아노 우먼
가장 앞에 배치한 인형의 회피가 60% 상승, 나머지 인형은 화력이 20% 상승, 지속 8초.
AAK 문 블라스트
아군 전체 사속이 22% 상승, 지속 8초.
FBD 블리딩 제인
AR과 RF의 치명률이 25% 상승하고, 100%를 초과한 부분은 60%의 수치로 치명타 피해 상승치로 전환, 지속 8초.
KKK 프린지 위버
아군 전체 화력이 35% 상승, 지속 5초. 버프효과 종료 후 술에 취해 화력과 명중이 15% 감소, 지속 3초.
기초음료 - 슈가러쉬
아군 전체 화력이 18% 상승, 지속 8초."
1018,세이 아사기리,HG,1,,,85,30,77,59,53,15,0.2,,,110021110,ALL,0.3,0.2,,,,,,백기사의 방패,특수,6,10,5,,,,"SG, SMG, HG",,,,,,,,,,"아군 SG, SMG, HG 인형에게 보호막을 32 부여하고, 각각 손실한 체력 비율에 따라 추가로 기준치의 0.8 ~ 1.8배의 보호막을 부여한다. 지속시간 5초.
스텔라가 있을 경우, 세이의 공격  횟수도 스텔라의 패시브에 집계된다.
선호 음료: 문 블라스트 효과를 받는 중 스킬 발동 시, 손실 체력에 따른 추가 보호막을 2배로 부여한다."
1019,도로시 헤이즈,SMG,1,,,176,28,87,15,79,12,0.05,,,100020100,"AR, SMG",0.15,,0.25,,,,,비밀 개조,특수버프,1,2,,,,,같은 열의 아군,,,,,,,,,,"스킬을 발동할 때마다 두 가지 상태 사이에서 전환한다:
MIRD113: 자신의 화력을 100% 상승시키고, 같은 열의 아군 인형의 명중을 40% 감소시키는 대신 회피를 80% 상승시킨다.
나노 미채: 자신의 회피를 100% 상승시키고, 같은 열의 아군 인형의 회피를 40% 감소시키는 대신 명중을 80% 상승시킨다.
도로시를 중간 줄에 배치 시 기본적으로 나노 미채를 적용하고, 위아래줄에선 MIRD113을 적용한다.
선호 음료: 피아노 우먼의 효과를 받을 시, 자신 스킬의 부정적 효과를 50% 완화한다. (같은 열의 인형에게 주는 효과는 버프를 받을 시 발동하는 패시브를 발동시키지 않는다.)"
1020,스텔라 호시이,RF,1,,,90,117,36,84,35,7,0.4,,,001020001,HG,,,,,,0.18,,꼭두각시 가면,특수버프,6,8,5,,,,자신+세이,,,,,,,,,,"액티브: 자신의 화력을 50% 상승시킨다, 지속시간 5초.
패시브: 작은 인형이 16회 이상 공격할 때마다, 다음 공격의 치명타 피해가 50% 상승한다.
세이가 있을 경우 세이의 스킬 쿨타임을 10% 감소시킨다. (초기 쿨타임 제외)
선호 음료: 블리딩 제인의 효과를 받고 있을 경우 패시브 발동 필요 횟수가 10회로 감소한다."
1021,알마 알머스,MG,1,,,195,89,23,31,129,4,0.05,9,,001201000,SG,0.15,,,,,,0.15,꿈과 사랑,특수,8,18,4,,,,적군,,,,,,,,,,"본체 40%의 화력을 가진 드론을 2기 소환해 공격한다, 지속시간 4초.
선호 음료: 브랜티니의 효과를 받을 시 드론 지속시간이 1초 연장된다."
1022,다나 제인,SG,1,,,269,38,13,15,26,6,0.4,1,22,100102100,MG,0.15,,0.15,,,,,레드 게이저,근접,8,18,,,2,0.6,적군,,,,,,,,,,"뛰어올라 땅을 내리쳐 폭발을 일으켜, 반경 2 범위 안의 적에게 0.6배의 피해를 주고 밀어낸다. 자신의 장갑 1마다 스킬 피해가 1% 상승한다.
선호 음료: 큰 맥주의 효과를 받을 시, 자신의 장갑 1마다 보호막을 0.5 얻는다.
일반 공격: 적 하나에게 폭발하는 로켓 펀치를 발사해 1.8배의 피해를 주고, 10%의 확률로 밀어낸다. (슬러그 탄의 효과와 중첩되지 않는다.)"
1023,헨리에타,SMG,1,,,190,30,83,15,93,12,0.05,,,010110120,"AR, SMG",0.12,,0.2,,,,,달빛 휴가,특수,4,16,,,,,자신,,,,,,,,,,"패시브: 전투 개시 시 8초간 보호막을 10 생성한다. 보호막을 보유할 경우 2초마다 화력 스택을 1개 얻어, 1스택당 화력이 30% 상승한다, 지속시간 5초, 최대 3중첩. 보호막이 없을 경우 2초마다 회피 스택을 1개 얻어, 1스택당 회피가 20% 상승한다, 지속시간 5초, 최대 3중첩.
액티브: 8초간 보호막을 10 생성한다. 그리고 화력 1스택당 사속이 20% 상승하고, 회피 1스택당 보호막을 15 생성한다. 버프 지속시간 5초."
1024,리코,RF,1,,,80,130,33,80,37,7,0.4,,,200100110,HG,,,,,,0.18,,티시포네의 탑,특수,4,10,,,,,자신,,,,,,,,,,"패시브: 3회 공격할 때마다 타로카드 표식을 1개 얻어, 표식 1개당 화력이 15% 상승한다, 최대 3중첩, 지속시간 5초.
액티브: 현재 모든 타로카드 표식을 소모해 가장 먼 목표에게 3배 피해를 준다(필중, 치명타 가능). 동시에 소모한 표식 1개당 반경 1 범위 안에 0.5배씩, 최대 1.5배 피해를 준다."
1025,트리엘라,SG,1,,,253,37,12,12,26,6,0.4,4,21,100112100,MG,0.1,,0.15,,,,,퍼펫 트릭,특수,8,16,,,,,자신,,,,,,,,,,"패시브: 자신 주위 2 범위 안에 적 유닛이 있을 경우, 단검으로 가장 가까운 적에게 2배 화력으로 공격한다. 이는 탄환을 소비하지 않고 사속이 50% 상승한다(슬러그탄 효과와 중첩 불가능). 범위 안에 적 유닛이 없을 경우, 산탄 타겟 수가 1 증가한다.
액티브: 자신의 화력을 80%, 이동속도를 6 상승시킨다, 지속시간 8초."
1026,클라에스,MG,1,,,157,79,36,35,139,4,0.05,8,,001201000,SG,0.15,,,,,,0.15,숙고의 열쇠,특수,0,3,,,,,자신,,,,,,,,,,"패시브: 이 유닛은 일반 공격을 하지 않고 대신 2초마다 한 번씩 충전하여, 충전 1스택 당 화력이 25% 상승한다, 최대 5중첩.
액티브: 공격을 개시하고 재장전 종료 후 충전 스택을 모두 제거한다.
평면 안경을 장착한 경우 충전할 때마다 추가로 자신 앞의 유닛에게 5초간 보호막을 8 부여한다. 최대 3중첩.
운석 조각을 장착한 경우 충전할 때마다 추가로 아군 전체의 화력을 5초간 5% 상승시킨다, 최대3중첩. 이 효과로 다른 인형의 패시브가 발동하진 않는다.
손목시계를 장착한 경우, 충전할 때마다 장탄수를 1발 추가한다."
1027,안젤리카,AR,1,,,121,55,46,57,75,10,0.3,,,011021011,"AR, SMG",0.1,,0.2,,,,,극한사격,특수,4,12,,,,,자신,,,,,,,,,,"패시브: 전투 개시 시 자신의 화력을 12% 상승시키고, 2초마다 상승 효과가 4%씩 감소하며, 6초때 완전히 해제된다. 그리고 10초마다 다시 발동한다.
액티브: 자신의 명중을 0% 감소시키는 대신, 사속을 150까지 상승시킨다, 지속시간 5초."
1028,요원 Vector,SMG,1,,,185,30,71,11,101,12,0.05,,,000120100,AR,0.12,,0.35,,,,,모바일 커버,특수,6,12,,,,,자신,,,,,,,,,,"자신 앞에 휴대용 엄폐물을 생성한다. 엄폐물은 시전자 최대 체력의 15% 만큼의 체력을 가지며, 생성 후 도발 효과를 가진다. 최대 유지 시간 8초."
1029,요원 416,AR,1,,,121,51,44,46,76,10,0.2,,,001021000,SMG,0.2,0.15,,,,,,점착 폭탄,특수,3,4,,,,,적군,,,,,,,,,,"8초마다 자동으로 가장 체력이 많은 적에게 점착 폭탄을 부착하고, 스킬 발동 시 모든 점착 폭탄을 터뜨려, 1.5 범위 안에 편제당 5배 필중 피해를 준다. 점착 폭탄은 같은 적에게 최대 3개 부착할 수 있으며, 여러 개가 동시에 터지면, 피해 배율이 더해진다."
20001,콜트 리볼버 개조,HG,5,,,81,36,76,49,50,15,0.2,,,010121010,ALL,0.24,,0.6,,,,,일제사격,일반버프,6,12,8,,,,아군,0.25,,,,,,,,,아군 전체 화력을 25% 상승시킨다. 지속시간 8초.
20002,M1911 개조,HG,4,,,73,28,74,50,58,15,0.2,,,010121010,ALL,,,0.5,0.24,,,,연막탄,일반버프,1,12,4,,,,적군,,,,-0.4,,-0.5,,,,"연막탄을 투척하여 반경 2.5범위 내의 적들의 공격속도를 40%, 이동속도를 50% 감소시킨다. 지속시간 4초"
20005,나강 리볼버 개조,HG,4,,,70,34,96,46,44,15,0.2,,,010120010,ALL,0.36,,,,0.2,,,기선제압N,야간버프,6,12,8,,,,적군,-0.4,,,,,,,,,"야간작전에서 적군 전체 화력을 40% 감소시킨다. (주간 보정치 : 25%), 지속시간 8초 (주간 보정치 : 5초)"
20007,스테츠킨 개조,HG,5,,,83,31,66,49,65,15,0.2,,,011020011,ALL,0.16,,,0.24,,,,진압신호,일반버프,6,12,8,,,,아군,,,,0.25,,,,,,"아군 전체 사속을 25% 상승시킨다.(""APS 전용 개머리판"" 장착 시 추가로 화력을 4% 상승시킨다.) 지속시간 8초."
20012,c96 개조,HG,4,,,83,31,68,49,63,15,0.2,,,100021100,ALL,,0.4,0.8,,,,,조명탄,야간버프,3,16,15,,,,아군,,,1.2,,,,,,,"야간작전에서 아군 전체의 명중을 120% 상승시킨다, 지속시간 15초."
20026,MP5 개조,SMG,5,,,176,31,68,13,89,12,0.05,,,100020100,"AR, RF",,,0.45,,0.2,,,포스실드,역장,8,16,4,,,,자신,,,,,,,,,,자신의 피해를 막는 왜곡방벽을 9999점 생성한다. 지속시간 4초.
20029,스텐MkII 개조,SMG,4,,,190,28,75,16,86,12,0.05,,,100120100,AR,,0.4,0.3,,,,,수류탄,광역피해,3,16,,,2.5,6.5,적군,,,,,,,,,,수류탄을 투척하여 반경 2.5범위 내의 적들에게 화력 6.5배의 피해를 입힌다.
20031,베레타 38형 개조,SMG,4,,,212,32,58,12,78,12,0.05,,,100020100,"AR, RF",0.08,,,0.1,,,,섬광탄,기절,5,16,4,,2.5,,적군,,,,,,,,,,섬광탄을 투척해 반경 2.5 범위 안의 적을 4초간 기절시킨다.
20032,마이크로 우지 개조,SMG,4,,,173,25,79,12,104,12,0.05,,,010120010,AR,0.18,,0.15,,,,,소이탄,방화,3,16,5,,1.5,6.5,적군,,,,,,,,,,"소이탄을 던져 반경 1.5 범위 안의 적에게 6.5배의 폭발 피해를 주고, 적에게 불을 붙여 0.33초마다 1배의 지속 피해를 준다, 지속시간 5초."
20037,M14 개조,RF,4,,,84,108,27,71,43,7,0.4,,,001020001,HG,,,,,,0.15,,화력전개,일반버프,5,8,5,,,,자신,0.65,,,,,,,,,자신의 화력을 65% 상승시킨다. 지속시간 5초.
20039,모신나강 개조,RF,5,,,88,131,38,85,30,7,0.4,,,000020010,HG,,,,,,0.18,,저격개시,저격,5,11,,1,,6.5,가장먼타깃,,,,,,,,,,"스킬 쿨타임 종료 후 1초마다 1회, 최대 5회 충전한다. 스킬 발동 시 1초간 조준 후, 충전 횟수에 따라 가장 먼 대상에게 3~6.5배의 피해를 주고 충전을 해제한다."
20044,SV-98 개조,RF,4,,,84,125,28,78,37,7,0.4,,,000020001,HG,,,,,,0.15,,확인사살,저격,5,11,,1,,6,가장가까운타깃,,,,,,,,,,"스킬 쿨타임 종료 후 1초마다 1회, 최대 5회 충전한다. 스킬 발동 시 1초간 조준 후, 충전 횟수에 따라 가장 가까운 목표에게 2.8~6배의 피해를 주고 충전을 해제한다."
20051,FN-49 개조,RF,4,,,93,116,32,61,34,7,0.4,,,001020001,HG,,,,,,0.15,,화력전개,일반버프,5,8,5,,,,자신,0.65,,,,,,,,,자신의 화력을 65% 상승시킨다. 지속시간 5초
20053,NTW-20 개조,RF,6,,,93,165,29,78,32,7,0.4,,,001021000,HG,,,,,,0.2,,타오르는 사냥혼,특수저격,7,9,,1.5,,10,적군,,,,,,,,,,"쿨타임 종료 후 1초마다 1회, 최대 7회 충전한다. 발동 시 1.5 초 조준 후 충전 횟수에 따라 목표에게 보호막을 무시하고 5~10배 피해를 주고 충전을 해제한다.
목표는 처치할 수 있는 적 중 체력이 가장 많은 적을 우선으로 하며(링크 보호로 인해 처치 실패 가능), 없을 시 체력이 가장 많은 적을 목표로 한다."
20055,M4A1 개조,AR,5,,,110,49,48,48,79,10,0.2,,,011021011,AR,0.2,,,,0.32,,,화력전개T,일반버프,4,16,10,,,,자신,0.75,,,,,,,,,자신의 화력을 75% 상승시킨다. 지속시간 10초
20056,M4 SOPMODII 개조,AR,5,,,110,51,44,49,78,10,0.3,,,001021001,SMG,,0.15,0.5,,,,,살상류탄,광역피해,8,16,,,1.5,15,적군,,,,,,,,,,유탄을 발사하여 반경 1.5 범위 내의 적에게 15배의 피해를 준다.
20057,ST AR-15 개조,AR,5,,,105,48,50,52,77,10,0.2,,,001021001,SMG,,0.15,,0.1,,,,고속사격T,일반버프,4,16,15,,,,자신,,,,0.5,,,,,,자신의 사속을 50% 상승시킨다. 지속시간 15초
20060,AS Val 개조,AR,5,,,132,41,49,49,75,10,0.2,,,010021000,SMG,0.25,,,0.15,,,,화력전개N,야간버프,5,16,6,,,,자신,2,,,,,,,,,"야간작전에서 자신의 화력을 200% 상승시킨다. (주간 보정치 : 70%), 지속시간 6초."
20061,StG44 개조,AR,4,,,127,56,36,48,65,10,0.2,,,010021010,"AR, SMG",,0.2,0.6,,,,,파열류탄,광역피해,8,16,,,4,5,적군,,,,,,,,,,유탄을 발사하여 반경 1/2.5/4 범위 내의 적들에게 각각 화력 5/2/1배의 피해를 입힌다.
20063,G3 개조,AR,4,,,110,56,38,52,64,10,0.2,,,010021000,SMG,,,0.55,0.25,,,,살상류탄,광역피해,8,16,,,1.5,12,적군,,,,,,,,,,유탄을 발사하여 반경 1.5범위 내의 적들에게 화력 12배의 피해를 입힌다.
20064,G36 개조,AR,5,,,127,50,43,46,75,10,0.2,,,000021001,SMG,0.3,,,0.15,,,,화력전개T,일반버프,4,16,10,,,,자신,0.75,,,,,,,,,자신의 화력을 75% 상승시킨다. 지속시간 10초.
20065,HK416 개조,AR,6,,,121,53,45,49,78,10,0.2,,,001021000,SMG,0.45,,,,,,,살상류탄,광역피해,6,16,,,1.5,16,적군,,,,,,,,,,유탄을 발사하여 반경 1.5범위 내의 적들에게 화력 16배의 피해를 입힌다.
20071,갈릴 개조,AR,4,,,124,52,43,47,66,10,0.2,,,010021010,"AR, SMG",,0.15,0.55,,,,,호흡조절,일반버프,5,16,15,,,,자신,,,5.5,,,,,,,"자신의 명중을 550% 상승시킨다, 지속시간 15초."
20075,M1918 개조,MG,5,,,157,98,33,33,114,4,0.05,8,,000201000,SG,0.18,,,,,,0.1,화력전개MG,일반버프,8,18,6,,,,자신,0.75,,,,,,,,,"자신의 화력을 75% 상승시킨다., 지속시간 6초"
20081,LWMMG 개조,MG,4,,,174,100,23,26,91,4,0.05,10,,000201000,SG,0.15,,,0.15,,,,사냥충동,특수버프,3,18,6,,,,자신,,,0.7,,,,,,,자신의 명중을 70% 상승시키며 지속시간 동안 모든 공격이 치명타로 적용된다. 지속시간 6초.
20089,브렌 개조,MG,4,,,174,94,28,33,102,4,0.05,8,,201000001,SG,,,0.15,0.1,,,,준비만전,일반버프,8,18,8,,,,자신,0.3,,,,,,4,,,"8초 동안 자신의 화력을 30% 상승시키며, 사격 중 장탄수를 4발 추가한다."
20091,MP-446 개조,HG,4,,,66,30,77,55,59,15,0.2,,,110120110,ALL,0.36,,,,,,,격발차단,일반버프,6,12,8,,,,적군,,,,-0.28,,,,,,적군 전체 사속을 28% 감소시킨다. 지속시간 8초
20093,IDW 개조,SMG,4,,,150,26,88,15,75,12,0.05,,,100120100,AR,,0.2,,,0.1,,,회피기동,일반버프,6,8,5,,,,자신,,1.3,,,,,,,,자신의 회피를 130% 상승시킨다. 지속시간 5초
20094,64식 개조,SMG,4,,,176,27,67,11,93,12,0.05,,,000120000,AR,,,,0.24,,,,섬광탄,기절,5,16,4,,2.5,,적군,,,,,,,,,,섬광탄을 투척하여 반경 2.5범위 내의 적들을 4초 동안 기절 상태로 만든다.
20095,한양조 88식 개조,RF,4,,,102,114,37,66,37,7,0.4,,,000021001,HG,,,,,,0.15,,화력전개N,야간버프,6,8,6,,,,자신,1,,,,,5,,,,"야간 작전 시, 자신의 화력이 100%(주간엔 35%), 이동속도가 500% 상승한다, 지속시간 6초."
20097,M950A 개조,HG,6,,,78,32,74,55,72,15,0.2,,,101120101,ALL,,,0.6,0.32,,,,진압신호,일반버프,6,12,8,,,,아군,,,,0.28,,,,,,아군 전체 사속을 28% 상승시킨다. 지속시간 8초.
20101,UMP9 개조,SMG,5,,,176,28,80,17,87,12,0.05,,,100120100,AR,,,0.3,0.15,,,,섬광탄,기절,5,16,4.5,,,,적군,,,,,,,,,,섬광탄을 투척하여 반경 2.5범위 내의 적들을 4.5초 동안 기절 상태로 만든다.
20102,UMP45 개조,SMG,5,,,190,28,74,13,82,12,0.05,,,100120100,AR,0.2,,,,0.3,,,연막탄,일반버프,1,16,4,,,,적군,,,,-0.4,,-0.55,,,,"연막탄을 투척하여 반경 2.5범위 내의 적들의 공격속도를 40%, 이동속도를 55% 감소시킨다. 지속시간 4초."
20122,G11 개조,AR,6,,,121,46,42,46,96,10,0.2,,,000021001,SMG,0.35,0.12,,,,,,호크아이,특수,6,16,5,,,,적군,,,,,,,,,,매 공격시 목표대상에게 3회의 피해를 입힌다. 지속시간 5초.
20124,Super SASS 개조,RF,4,,,88,122,29,70,40,7,0.4,,,011020000,HG,,,,,,0.15,,목표제거,저격,5,11,,1,,6,최고체력,,,,,,,,,,"스킬 쿨타임 종료 후 1초마다 1회, 최대 5회 충전한다. 스킬 발동 시 1초간 조준 후, 충전 횟수에 따라 체력이 가장 많은 적에게 2.8~6배의 피해를 주고 충전을 해제한다."
20136,PP-19 개조,SMG,5,,,185,27,76,14,91,12,0.05,,,000120100,AR,0.25,,0.15,,,,,수류탄,광역피해,3,16,,,2.5,7.5,적군,,,,,,,,,,수류탄을 투척하여 반경 2.5 범위 안의 적에게 7.5배 피해를 준다.
20143,RO635 개조,SMG,6,,,203,28,73,15,97,12,0.05,,,110120110,AR,,,0.4,0.15,,,,정신교란,특수,3,12,5,,,,자신+적군,,,,,,,,,,"적군 전체 화력을 25%, 명중을 10% 감소시키고, 자신의 회피를 70% 상승시킨다, 지속시간 5초."
20152,M1897 개조,SG,4,,,264,35,11,12,26,6,0.4,4,21,000112100,MG,0.1,,0.5,,,,,진형붕괴,넉백,8,16,,,,2.5,적군,,,,,,,,,,"화력 2.5배의 피해를 주는 추가탄을 발사하고, 거리 3칸 만큼 적을 밀어낸다."
20154,M500 개조,SG,4,,,264,32,10,12,29,6,0.4,4,21,102000100,MG,0.18,,0.1,,,,,집중방어,일반버프,10,16,6,,,,자신,,,,,,,,,0.7,자신의 장갑을 70% 상승시킨다. 지속시간 6초.
20161,97식 산탄총 개조,SG,5,,,264,36,13,13,27,6,0.4,3,21,100112100,MG,0.15,,,,,,,화력전개SG,특수버프,8,16,8,,,,자신,1.2,,0.2,,,,,,,"자신의 화력을 120%, 명중을 20% 상승시키며, 지속시간 동안 동시공격 가능한 타깃수가 5명으로 늘어난다.(슬러그 탄의 효과와 중첩되지 않는다.) 지속시간 8초."
20221,GSh-18 개조,HG,4,,,72,33,86,51,57,15,0.2,,,110121110,ALL,0.3,,0.4,,,,,체인 스트라이크,특수,6,12,8,,,,자신,,,,,,,,,,"스킬 지속시간 동안 쌍총으로 공격하여 2회의 피해를 입히며 반드시 치명타가 된다, 지속시간 8초."
20252,KSVK 개조,RF,5,,,88,160,30,83,32,7,0.4,,,000211010,"HG, SG",,,,,,0.15,,진동 충격탄,특수저격,4,11,,1,,5,가장가까운타깃,,,,,,,,,,"스킬 쿨타임 종료 후 1초마다 1회, 최대 5회 충전한다.발동 시 1초간 조준 후, 충전 횟수에 따라 가장 가까운 목표에게 2.6~5배 피해를 주고, 목표 후방 반경 2 범위 안의 적에게 0.5배 피해를 주며 명중과 사속을 20% 감소시킨다, 지속시간 5초."
